portfolio_id,return
PF00001001,0.025284
PF00001004,0.025198
PF00001009,0.025306
PF00001013,0.027156
PF00001014,0.024716
PF00001015,0.025284
PF00001017,0.025284
PF00001023,0.025769
PF00001024,0.025182
PF00001025,0.057317
PF00001028,0.025284
PF00001032,0.025518
PF00001036,0.025182
PF00001041,0.025859
PF00001045,0.025182
PF00001047,0.025182
PF00001049,0.025182
PF00001053,0.057618
PF00001060,0.025182
PF00001067,0.025182
PF00001068,0.02492
PF00001069,0.02492
PF00001077,0.024978
PF00001078,0.025284
PF00001085,0.025182
PF00001086,0.057618
PF00001087,0.025182
PF00001088,0.025182
PF00001092,0.025847
PF00001095,0.025294
PF00001099,0.024978
PF00001100,0.027529
PF00001104,0.025182
PF00001105,0.02582
PF00001107,0.02582
PF00001108,0.055138
PF00001112,0.02582
PF00001119,0.025932
PF00001123,0.02582
PF00001126,0.02582
PF00001132,0.027081
PF00001135,0.025426
PF00001145,0.02877
PF00001148,0.025731
PF00001153,0.025182
PF00001155,0.057618
PF00001161,0.025182
PF00001164,0.025182
PF00001165,0.025182
PF00001171,0.057379
PF00001178,0.025284
PF00001179,0.024881
PF00001180,0.057822
PF00001194,0.025182
PF00001199,0.025859
PF00001198,0.025496
PF00001203,0.025182
PF00001204,0.025182
PF00001209,0.05607
PF00001210,0.025182
PF00001218,0.025284
PF00001220,0.025859
PF00001223,0.025284
PF00001225,0.025182
PF00001227,0.025182
PF00001230,0.053172
PF00001233,0.025182
PF00001236,0.025182
PF00001238,0.027529
PF00001239,0.052518
PF00001241,0.056386
PF00001243,0.025182
PF00001244,0.029166
PF00001245,0.057178
PF00001253,0.025284
PF00001255,0.024593
PF00001258,0.025182
PF00001260,0.025847
PF00001262,0.025284
PF00001264,0.025182
PF00001265,0.025182
PF00001270,0.057618
PF00001274,0.025182
PF00001277,0.025182
PF00001282,0.025182
PF00001283,0.029044
PF00001285,0.025859
PF00001288,0.025284
PF00001290,0.025182
PF00001294,0.025182
PF00001296,0.025859
PF00001303,0.025182
PF00001305,0.025182
PF00001306,0.025182
PF00001309,0.025182
PF00001310,0.025182
PF00001312,0.025284
PF00001313,0.05725
PF00001316,0.025182
PF00001319,0.025182
PF00001324,0.025182
PF00001325,0.025859
PF00001331,0.025182
PF00001333,0.050406
PF00001334,0.025182
PF00001335,0.025182
PF00001340,0.025859
PF00001345,0.025182
PF00001348,0.054153
PF00001352,0.025182
PF00001354,0.025284
PF00001355,0.05509
PF00001356,0.05121
PF00001368,0.025392
PF00001370,0.025642
PF00001372,0.025392
PF00001375,0.025517
PF00001382,0.025392
PF00001384,0.025392
PF00001388,0.026325
PF00001389,0.026253
PF00001391,0.026156
PF00001412,0.037353
PF00001419,0.055355
PF00001424,0.029107
PF00001427,0.029107
PF00001428,0.03862
PF00001430,0.029059
PF00001432,0.048181
PF00001433,0.029059
PF00001438,0.029513
PF00001440,0.055111
PF00001441,0.029059
PF00001446,0.029059
PF00001450,0.029202
PF00001453,0.046742
PF00001456,0.029059
PF00001458,0.029107
PF00001463,0.05514
PF00001464,0.029107
PF00001471,0.055217
PF00001473,0.029307
PF00001474,0.055209
PF00001480,0.029598
PF00001486,0.055523
PF00001493,0.056605
PF00001494,0.031839
PF00001497,0.032359
PF00001500,0.031758
PF00001503,0.05607
PF00001505,0.029119
PF00001508,0.030701
PF00001510,0.031588
PF00001511,0.031758
PF00001512,0.055764
PF00001515,0.031758
PF00001516,0.053324
PF00001519,0.055461
PF00001522,0.032747
PF00001529,0.031834
PF00001532,0.031834
PF00001535,0.033421
PF00001536,0.031834
PF00001537,0.032747
PF00001540,0.055132
PF00001541,0.031834
PF00001542,0.055109
PF00001547,0.031834
PF00001550,0.055461
PF00001553,0.032747
PF00001556,0.031834
PF00001561,0.055535
PF00001564,0.055535
PF00001565,0.031834
PF00001569,0.035674
PF00001572,0.055117
PF00001575,0.035674
PF00001578,0.035674
PF00001579,0.056188
PF00001583,0.035674
PF00001589,0.035797
PF00001590,0.056492
PF00001592,0.034096
PF00001593,0.055117
PF00001597,0.035674
PF00001599,0.035508
PF00001614,0.037663
PF00001618,0.037663
PF00001619,0.037624
PF00001629,0.037624
PF00001626,0.03304
PF00001628,0.037663
PF00001631,0.057587
PF00001632,0.037624
PF00001633,0.037663
PF00001635,0.037663
PF00001642,0.037624
PF00001648,0.034063
PF00001654,0.035991
PF00001655,0.037663
PF00001656,0.037663
PF00001660,0.037437
PF00001661,0.059391
PF00001665,0.039045
PF00001667,0.058871
PF00001677,0.060044
PF00001682,0.040379
PF00001690,0.040484
PF00001693,0.040379
PF00001711,0.040124
PF00001712,0.040548
PF00001713,0.040548
PF00001714,0.040548
PF00001719,0.040548
PF00001728,0.040548
PF00001729,0.044467
PF00001731,0.057037
PF00001732,0.040653
PF00001745,0.043794
PF00001749,0.043794
PF00001751,0.063114
PF00001754,0.043952
PF00001756,0.044014
PF00001765,0.043294
PF00001767,0.043794
PF00001768,0.064977
PF00001770,0.043794
PF00001772,0.043794
PF00001774,0.043794
PF00001776,0.043794
PF00001779,0.063859
PF00001786,0.063267
PF00001787,0.043794
PF00001789,0.043794
PF00001792,0.043794
PF00001793,0.065391
PF00001797,0.043794
PF00001801,0.03947
PF00001805,0.043794
PF00001807,0.065391
PF00001808,0.043794
PF00001809,0.043794
PF00001813,0.043794
PF00001819,0.043794
PF00001820,0.043794
PF00001824,0.046517
PF00001834,0.04638
PF00001837,0.065355
PF00001841,0.046553
PF00001842,0.046517
PF00001844,0.046517
PF00001846,0.046553
PF00001847,0.04638
PF00001848,0.047763
PF00001849,0.047683
PF00001854,0.046915
PF00001857,0.047728
PF00001863,0.047728
PF00001865,0.047763
PF00001867,0.047728
PF00001868,0.047728
PF00001869,0.047728
PF00001875,0.047728
PF00001878,0.059514
PF00001879,0.047728
PF00001880,0.047728
PF00001886,0.046553
PF00001887,0.04638
PF00001895,0.045374
PF00001900,0.046517
PF00001904,0.060731
PF00001907,0.046553
PF00001908,0.046517
PF00001912,0.046517
PF00001920,0.064733
PF00001921,0.065531
PF00001922,0.046517
PF00001923,0.046517
PF00001924,0.046553
PF00001925,0.050203
PF00001929,0.050734
PF00001935,0.079365
PF00001936,0.050203
PF00001937,0.050111
PF00001939,0.050144
PF00001951,0.050203
PF00001948,0.050203
PF00001952,0.068656
PF00001953,0.050203
PF00001960,0.051213
PF00001963,0.051213
PF00001966,0.068876
PF00001970,0.051213
PF00001975,0.051213
PF00001978,0.051213
PF00001985,0.072383
PF00001987,0.068876
PF00001988,0.051213
PF00001995,0.052652
PF00001996,0.052652
PF00001997,0.052652
PF00001999,0.066542
PF00002000,0.052693
PF00002001,0.074611
PF00002008,0.052652
PF00002010,0.075486
PF00002011,0.052652
PF00002012,0.052652
PF00002015,0.052652
PF00002016,0.052379
PF00002022,0.052745
PF00002026,0.052745
PF00002031,0.056007
PF00002032,0.056007
PF00002036,0.056007
PF00002038,0.056007
PF00002042,0.056007
PF00002044,0.064988
PF00002045,0.054899
PF00002049,0.056007
PF00002050,0.055459
PF00002051,0.052244
PF00002054,0.055885
PF00002058,0.056007
PF00002069,0.053323
PF00002073,0.053323
PF00002076,0.053323
PF00002077,0.053323
PF00002084,0.053202
PF00002085,0.053323
PF00002087,0.053202
PF00002089,0.053323
PF00002099,0.053323
PF00002103,0.053323
PF00002105,0.051419
PF00002106,0.053323
PF00002109,0.053323
PF00002113,0.053202
PF00002121,0.05314
PF00002128,0.071533
PF00002129,0.053507
PF00002131,0.053323
PF00002140,0.056299
PF00002141,0.055314
PF00002144,0.056299
PF00002145,0.056299
PF00002146,0.056158
PF00002148,0.056299
PF00002149,0.056299
PF00002152,0.056299
PF00002154,0.055134
PF00002158,0.056299
PF00002159,0.056299
PF00002163,0.056299
PF00002164,0.056353
PF00002165,0.056299
PF00002169,0.053054
PF00002170,0.053323
PF00002175,0.054791
PF00002185,0.053202
PF00002190,0.053323
PF00002192,0.053323
PF00002193,0.053323
PF00002194,0.053323
PF00002196,0.053054
PF00002197,0.054791
PF00002199,0.053323
PF00002200,0.053323
PF00002206,0.053323
PF00002208,0.053323
PF00002211,0.053323
PF00002213,0.052583
PF00002214,0.050181
PF00002216,0.053323
PF00002217,0.053323
PF00002223,0.053323
PF00002224,0.053323
PF00002230,0.053356
PF00002232,0.053323
PF00002238,0.052728
PF00002239,0.053323
PF00002240,0.053323
PF00002251,0.053323
PF00002252,0.053323
PF00002253,0.052728
PF00002255,0.053323
PF00002265,0.036491
PF00002267,0.052037
PF00002271,0.053323
PF00002269,0.053323
PF00002273,0.053323
PF00002278,0.053323
PF00002282,0.050624
PF00002285,0.053323
PF00002286,0.053323
PF00002287,0.053323
PF00002292,0.053323
PF00002298,0.053323
PF00002302,0.053323
PF00002316,0.053323
PF00002317,0.053323
PF00002320,0.053323
PF00002324,0.053323
PF00002326,0.053323
PF00002333,0.053323
PF00002335,0.069324
PF00002342,0.053323
PF00002344,0.053323
PF00002345,0.052862
PF00002349,0.053323
PF00002350,0.056299
PF00002352,0.056299
PF00002355,0.056299
PF00002361,0.056299
PF00002371,0.055134
PF00002369,0.056299
PF00002376,0.056299
PF00002378,0.056299
PF00002381,0.056299
PF00002383,0.056299
PF00002384,0.055389
PF00002385,0.056299
PF00002391,0.056299
PF00002398,0.055459
PF00002400,0.056299
PF00002401,0.056299
PF00002402,0.055599
PF00002406,0.056299
PF00002408,0.069615
PF00002411,0.056299
PF00002413,0.05303
PF00002417,0.055134
PF00002429,0.056299
PF00002435,0.054947
PF00002439,0.056299
PF00002440,0.056299
PF00002441,0.056299
PF00002447,0.053125
PF00002453,0.055134
PF00002451,0.066311
PF00002455,0.055646
PF00002457,0.040572
PF00002469,0.030133
PF00002474,0.028195
PF00002475,0.028055
PF00002476,0.054802
PF00002480,0.054802
PF00002492,0.028195
PF00002496,0.038026
PF00002506,0.030187
PF00002516,0.027932
PF00002518,0.054609
PF00002521,0.054802
PF00002522,0.027932
PF00002524,0.028055
PF00002525,0.055646
PF00002530,0.027968
PF00002532,0.054802
PF00002543,0.055314
PF00002547,0.056299
PF00002548,0.066502
PF00002551,0.029589
PF00002553,0.038148
PF00002560,0.039142
PF00002571,0.054359
PF00002572,0.030168
PF00002582,0.036714
PF00002583,0.036688
PF00002589,0.056299
PF00002590,0.053002
PF00002593,0.056299
PF00002594,0.035926
PF00002595,0.028524
PF00002600,0.028524
PF00002598,0.056299
PF00002601,0.035926
PF00002605,0.056299
PF00002606,0.056299
PF00002608,0.036586
PF00002630,0.055305
PF00002628,0.056167
PF00002631,0.055305
PF00002632,0.055314
PF00002634,0.038597
PF00002637,0.054883
PF00002639,0.054515
PF00002641,0.043343
PF00002642,0.054964
PF00002643,0.055459
PF00002653,0.029008
PF00002656,0.051478
PF00002658,0.056299
PF00002664,0.052185
PF00002665,0.055314
PF00002670,0.054171
PF00002675,0.028019
PF00002678,0.053451
PF00002680,0.054456
PF00002681,0.051084
PF00002682,0.048465
PF00002684,0.0593
PF00002689,0.031931
PF00002691,0.057492
PF00002694,0.054049
PF00002700,0.056299
PF00002702,0.053765
PF00002713,0.076893
PF00002711,0.056299
PF00002715,0.031417
PF00002716,0.049689
PF00002718,0.055305
PF00002723,0.030168
PF00002725,0.053226
PF00002747,0.06361
PF00002737,0.031254
PF00002738,0.057919
PF00002740,0.06361
PF00002746,0.055389
PF00002749,0.056299
PF00002750,0.050579
PF00002754,0.033674
PF00002755,0.038305
PF00002777,0.031417
PF00002775,0.056299
PF00002779,0.038976
PF00002780,0.050315
PF00002783,0.056299
PF00002793,0.030168
PF00002797,0.067575
PF00002805,0.026925
PF00002811,0.050315
PF00002812,0.031599
PF00002814,0.030168
PF00002815,0.026925
PF00002821,0.030168
PF00002827,0.055314
PF00002828,0.067575
PF00002834,0.030729
PF00002841,0.05016
PF00002843,0.038305
PF00002849,0.02794
PF00002855,0.052317
PF00002856,0.028393
PF00002857,0.055314
PF00002862,0.056299
PF00002868,0.030168
PF00002869,0.049689
PF00002866,0.053765
PF00002867,0.027187
PF00002892,0.045108
PF00002879,0.031935
PF00002881,0.067843
PF00002883,0.052536
PF00002885,0.028019
PF00002887,0.028672
PF00002888,0.065908
PF00002910,0.045108
PF00002911,0.046767
PF00002943,0.022062
PF00002913,0.02205
PF00002915,0.02205
PF00002919,0.045108
PF00002922,0.049441
PF00002923,0.047539
PF00002928,0.045725
PF00002929,0.02205
PF00002930,0.022062
PF00002935,0.048609
PF00002939,0.049441
PF00002937,0.025594
PF00002938,0.023248
PF00002945,0.046912
PF00002954,0.046075
PF00002958,0.03236
PF00002960,0.039512
PF00002962,0.044537
PF00002969,0.025594
PF00002970,0.039929
PF00002979,0.045108
PF00002973,0.049441
PF00002974,0.047539
PF00002978,0.02217
PF00002984,0.023248
PF00002988,0.049441
PF00002992,0.045725
PF00002994,0.022377
PF00002996,0.045108
PF00003004,0.022062
PF00003006,0.045725
PF00003010,0.045108
PF00003014,0.050412
PF00003016,0.022421
PF00003024,0.022616
PF00003028,0.023402
PF00003031,0.0471
PF00003041,0.045108
PF00003042,0.047539
PF00003043,0.022062
PF00003044,0.035015
PF00003046,0.049441
PF00003052,0.039843
PF00003057,0.018464
PF00003061,0.039843
PF00003062,0.019623
PF00003063,0.019623
PF00003065,0.019595
PF00003066,0.015141
PF00003068,0.034441
PF00003069,0.032418
PF00003070,0.032149
PF00003073,0.036366
PF00003074,0.019623
PF00003077,0.038768
PF00003085,0.036585
PF00003087,0.017649
PF00003092,0.033629
PF00003094,0.037218
PF00003097,0.030937
PF00003101,0.02437
PF00003103,0.026291
PF00003106,0.036147
PF00003107,0.032149
PF00003109,0.03739
PF00003111,0.039619
PF00003130,0.039619
PF00003125,0.024852
PF00003128,0.034553
PF00003132,0.031768
PF00003136,0.031505
PF00003139,0.027732
PF00003147,0.031327
PF00003150,0.023402
PF00003160,0.031505
PF00003162,0.032883
PF00003170,0.031939
PF00003177,0.034502
PF00003183,0.028258
PF00003184,0.022008
PF00003187,0.010686
PF00003193,0.025658
PF00003195,0.041725
PF00003197,0.010686
PF00003201,0.028086
PF00003202,0.028489
PF00003207,0.026906
PF00003212,0.028396
PF00003213,0.008305
PF00003218,0.041725
PF00003219,0.027667
PF00003225,0.025381
PF00003227,0.02438
PF00003230,0.028829
PF00003232,0.009638
PF00003240,0.035789
PF00003242,0.021635
PF00003243,0.030797
PF00003245,0.02821
PF00003251,0.022247
PF00003254,0.027107
PF00003257,0.022546
PF00003258,0.009638
PF00003265,0.029363
PF00003268,0.009117
PF00003269,0.021768
PF00003270,0.02438
PF00003273,0.027667
PF00003274,0.02438
PF00003275,0.013855
PF00003287,0.010355
PF00003289,0.01166
PF00003290,0.015744
PF00003294,0.02066
PF00003295,0.015602
PF00003296,0.017744
PF00003299,0.015433
PF00003314,0.026554
PF00003316,0.009011
PF00003318,0.015602
PF00003326,0.013926
PF00003327,0.015814
PF00003329,0.015639
PF00003334,0.015639
PF00003336,0.012064
PF00003342,0.015639
PF00003343,0.021659
PF00003344,0.0188
PF00003346,0.014917
PF00003352,0.00722
PF00003360,0.010756
PF00003366,0.007108
PF00003370,0.015744
PF00003375,0.007108
PF00003377,0.015602
PF00003379,0.007108
PF00003382,0.014794
PF00003387,0.015488
PF00003388,0.01004
PF00003389,0.012328
PF00003392,0.008233
PF00003393,0.015488
PF00003394,0.015488
PF00003399,0.007108
PF00003400,0.009875
PF00003403,0.008409
PF00003406,0.015244
PF00003407,0.013875
PF00003408,0.013415
PF00003413,0.017831
PF00003414,0.015488
PF00003417,0.015488
PF00003421,0.014108
PF00003425,0.007108
PF00003429,0.014173
PF00003434,0.013579
PF00003437,0.007108
PF00003439,0.015876
PF00003441,0.018238
PF00003442,0.014286
PF00003449,0.014794
PF00003452,0.017831
PF00003455,0.013862
PF00003470,0.007108
PF00003474,0.015488
PF00003477,0.013862
PF00003482,0.007204
PF00003485,0.011812
PF00003489,0.012359
PF00003490,0.012258
PF00003492,0.007204
PF00003493,0.007204
PF00003495,0.007204
PF00003499,0.012048
PF00003501,0.012013
PF00003504,0.011535
PF00003505,0.013555
PF00003511,0.015037
PF00003513,0.007204
PF00003514,0.007204
PF00003517,0.01183
PF00003518,0.012663
PF00003521,0.011812
PF00003523,0.011299
PF00003530,0.011535
PF00003535,0.016988
PF00003537,0.021217
PF00003560,0.011535
PF00003563,0.01532
PF00003566,0.011835
PF00003569,0.012663
PF00003572,0.014793
PF00003574,0.009915
PF00003575,0.012349
PF00003583,0.008746
PF00003586,0.011535
PF00003591,0.011535
PF00003599,0.00992
PF00003605,0.018748
PF00003616,0.00992
PF00003619,0.009685
PF00003623,0.009387
PF00003624,0.013253
PF00003627,0.016813
PF00003632,0.011202
PF00003633,0.009719
PF00003640,0.01029
PF00003642,0.015156
PF00003645,0.01047
PF00003647,0.013749
PF00003653,0.016813
PF00003657,0.005496
PF00003659,0.005496
PF00003660,0.007815
PF00003661,0.007815
PF00003662,0.00985
PF00003665,0.00985
PF00003667,0.013253
PF00003668,0.009719
PF00003672,0.005496
PF00003673,0.019963
PF00003678,0.008757
PF00003685,0.005496
PF00003689,0.009629
PF00003690,0.007907
PF00003699,0.006014
PF00003700,0.007815
PF00003706,0.00985
PF00003714,0.008941
PF00003719,0.007815
PF00003723,0.019828
PF00003726,0.017944
PF00003733,0.00629
PF00003734,0.007815
PF00003738,0.017944
PF00003740,0.017944
PF00003742,0.035859
PF00003748,0.008941
PF00003751,0.00979
PF00003754,0.00992
PF00003755,0.020589
PF00003756,0.014753
PF00003758,0.00992
PF00003759,0.007631
PF00003764,0.021812
PF00003765,0.005333
PF00003766,0.00992
PF00003767,0.016198
PF00003772,0.009719
PF00003776,0.00985
PF00003779,0.031397
PF00003784,0.013271
PF00003791,0.006968
PF00003797,0.005326
PF00003799,0.005326
PF00003803,0.005326
PF00003808,0.006648
PF00003813,0.005326
PF00003818,0.010495
PF00003821,0.028976
PF00003822,0.006968
PF00003830,0.005326
PF00003836,0.006648
PF00003837,0.005152
PF00003838,0.016924
PF00003844,0.006648
PF00003846,0.006968
PF00003850,0.005326
PF00003851,0.005326
PF00003852,0.005326
PF00003855,0.005326
PF00003857,0.005326
PF00003865,0.006648
PF00003870,0.005326
PF00003872,0.005326
PF00003873,0.005326
PF00003878,0.006648
PF00003880,0.006648
PF00003883,0.006648
PF00003886,0.005326
PF00003888,0.010495
PF00003889,0.006648
PF00003895,0.006968
PF00003898,0.005326
PF00003899,0.006648
PF00003902,0.003431
PF00003904,0.006458
PF00003905,0.003431
PF00003913,0.006458
PF00003916,0.003431
PF00003918,0.003431
PF00003919,0.003431
PF00003931,0.006458
PF00003932,0.006458
PF00003933,0.006458
PF00003938,0.006458
PF00003939,0.003431
PF00003948,0.003431
PF00003952,0.006666
PF00003953,0.006666
PF00003954,0.003431
PF00003956,0.006458
PF00003960,0.006458
PF00003961,0.003431
PF00003963,0.003431
PF00003964,0.003431
PF00003966,0.006458
PF00003968,0.006666
PF00003969,0.003431
PF00003971,0.003431
PF00003972,0.006458
PF00003973,0.006458
PF00003976,0.006458
PF00003980,0.006458
PF00003981,0.006458
PF00003984,0.003431
PF00003985,0.003431
PF00003987,0.003431
PF00003989,0.006458
PF00003991,0.006458
PF00003992,0.006666
PF00003994,0.003431
PF00003996,0.003431
PF00003997,0.004061
PF00003999,0.003431
PF00004001,0.003431
PF00004006,0.005741
PF00004009,0.003431
PF00004010,0.006271
PF00004011,0.005741
PF00004014,0.005741
PF00004015,0.006271
PF00004018,0.003445
PF00004020,0.005845
PF00004021,0.005741
PF00004022,0.005678
PF00004028,0.003431
PF00004030,0.005741
PF00004031,0.006271
PF00004039,0.003431
PF00004040,0.003431
PF00004043,0.006442
PF00004045,0.005741
PF00004046,0.003431
PF00004047,0.006271
PF00004048,0.003431
PF00004052,0.003431
PF00004055,0.003431
PF00004059,0.006271
PF00004063,0.005741
PF00004067,0.005678
PF00004073,0.006271
PF00004077,0.003431
PF00004082,0.003431
PF00004094,0.003431
PF00004096,0.005741
PF00004097,0.003431
PF00004098,0.003823
PF00004099,0.003431
PF00004113,0.003431
PF00004114,0.003431
PF00004115,0.003431
PF00004117,0.005741
PF00004134,0.003431
PF00004136,0.003431
PF00004122,0.003431
PF00004124,0.003431
PF00004129,0.005741
PF00004131,0.006271
PF00004132,0.005741
PF00004140,0.005741
PF00004147,0.003431
PF00004149,0.006271
PF00004150,0.003431
PF00004151,0.003431
PF00004155,0.005741
PF00004166,0.003431
PF00004168,0.003431
PF00004169,0.003823
PF00004175,0.003431
PF00004180,0.003431
PF00004181,0.003431
PF00004186,0.003823
PF00004192,0.003431
PF00004193,0.005741
PF00004194,0.005741
PF00004206,0.003431
PF00004207,0.005741
PF00004209,0.005741
PF00004214,0.005741
PF00004230,0.005741
PF00004233,0.003431
PF00004235,0.003431
PF00004238,0.003431
PF00004243,0.003431
PF00004244,0.003431
PF00004246,0.005741
PF00004248,0.003431
PF00004250,0.005741
PF00004252,0.005741
PF00004256,0.005741
PF00004259,0.003431
PF00004260,0.003431
PF00004266,0.006387
PF00004267,0.003431
PF00004271,0.003431
PF00004274,0.003431
PF00004275,0.003431
PF00004276,0.003431
PF00004278,0.005741
PF00004284,0.003431
PF00004287,0.005741
PF00004288,0.00398
PF00004291,0.005741
PF00004293,0.005741
PF00004296,0.003431
PF00004300,0.003431
PF00004301,0.005741
PF00004307,0.003431
PF00004309,0.005741
PF00004310,0.005741
PF00004311,0.005741
PF00004314,0.005741
PF00004320,0.005741
PF00004326,0.003431
PF00004328,0.005757
PF00004331,0.005757
PF00004338,0.003431
PF00004339,0.003431
PF00004340,0.003431
PF00004341,0.005757
PF00004344,0.006069
PF00004346,0.005757
PF00004347,0.005757
PF00004348,0.003431
PF00004350,0.003431
PF00004351,0.003431
PF00004357,0.003431
PF00004358,0.003431
PF00004360,0.003431
PF00004361,0.005757
PF00004362,0.005757
PF00004363,0.005757
PF00004364,0.005757
PF00004368,0.003431
PF00004372,0.003431
PF00004373,0.003431
PF00004381,0.005757
PF00004383,0.003431
PF00004384,0.005757
PF00004388,0.003431
PF00004389,0.003431
PF00004390,0.003431
PF00004391,0.003431
PF00004392,0.005757
PF00004399,0.003431
PF00004407,0.003431
PF00004408,0.003431
PF00004416,0.005757
PF00004425,0.005757
PF00004430,0.005757
PF00004431,0.006271
PF00004433,0.003431
PF00004436,0.003431
PF00004440,0.003431
PF00004444,0.005864
PF00004445,0.003431
PF00004457,0.003431
PF00004464,0.003431
PF00004465,0.003431
PF00004470,0.003431
PF00004471,0.005864
PF00004473,0.006069
PF00004475,0.003823
PF00004477,0.003431
PF00004480,0.003431
PF00004484,0.003431
PF00004489,0.005864
PF00004491,0.005864
PF00004498,0.005864
PF00004500,0.003431
PF00004504,0.003431
PF00004509,0.005864
PF00004514,0.005864
PF00004515,0.003431
PF00004517,0.003431
PF00004518,0.003431
PF00004522,0.003431
PF00004523,0.003431
PF00004525,0.005864
PF00004529,0.003431
PF00004531,0.003823
PF00004537,0.003431
PF00004538,0.003431
PF00004539,0.005864
PF00004543,0.005864
PF00004544,0.005864
PF00004546,0.003431
PF00004548,0.003431
PF00004549,0.006271
PF00004551,0.003431
PF00004554,0.005864
PF00004555,0.005864
PF00004558,0.005864
PF00004559,0.003431
PF00004560,0.005864
PF00004564,0.005864
PF00004565,0.003431
PF00004566,0.003431
PF00004567,0.003431
PF00004568,0.003431
PF00004575,0.006271
PF00004576,0.005864
PF00004579,0.003431
PF00004580,0.005864
PF00004584,0.005864
PF00004585,0.003431
PF00004590,0.005864
PF00004596,0.003431
PF00004599,0.005864
PF00004617,0.005554
PF00004629,0.003487
PF00004610,0.006271
PF00004612,0.005864
PF00004614,0.005864
PF00004621,0.003431
PF00004624,0.005864
PF00004631,0.003431
PF00004636,0.003431
PF00004637,0.003431
PF00004638,0.003431
PF00004642,0.006271
PF00004650,0.006573
PF00004653,0.005864
PF00004656,0.005864
PF00004658,0.003431
PF00004662,0.003431
PF00004666,0.006271
PF00004667,0.003431
PF00004669,0.005757
PF00004671,0.005757
PF00004672,0.005757
PF00004674,0.003431
PF00004675,0.005757
PF00004678,0.005757
PF00004679,0.005757
PF00004687,0.003431
PF00004690,0.005757
PF00004691,0.003431
PF00004707,0.005757
PF00004710,0.003431
PF00004714,0.003431
PF00004726,0.005757
PF00004727,0.005446
PF00004739,0.005757
PF00004746,0.003431
PF00004747,0.003431
PF00004748,0.003431
PF00004749,0.005757
PF00004753,0.005757
PF00004754,0.005757
PF00004755,0.003431
PF00004760,0.003431
PF00004765,0.006069
PF00004767,0.003431
PF00004768,0.005694
PF00004771,0.005757
PF00004776,0.003431
PF00004779,0.005757
PF00004781,0.005757
PF00004785,0.003431
PF00004787,0.005757
PF00004790,0.003431
PF00004791,0.003431
PF00004792,0.003431
PF00004794,0.003431
PF00004797,0.003431
PF00004802,0.003431
PF00004810,0.003431
PF00004811,0.003913
PF00004812,0.003431
PF00004813,0.003431
PF00004814,0.003431
PF00004815,0.005757
PF00004817,0.005757
PF00004818,0.005757
PF00004819,0.005757
PF00004823,0.003431
PF00004826,0.005757
PF00004827,0.005694
PF00004828,0.003431
PF00004832,0.003431
PF00004833,0.003431
PF00004837,0.006271
PF00004838,0.005757
PF00004842,0.025996
PF00004846,0.005757
PF00004847,0.006271
PF00004849,0.003431
PF00004850,0.003431
PF00004852,0.005694
PF00004857,0.003445
PF00004861,0.005757
PF00004863,0.003431
PF00004865,0.003431
PF00004866,0.005757
PF00004870,0.003431
PF00004871,0.003431
PF00004879,0.003431
PF00004883,0.005757
PF00004885,0.005757
PF00004886,0.006069
PF00004890,0.003431
PF00004894,0.003431
PF00004899,0.004039
PF00004902,0.006271
PF00004907,0.004039
PF00004909,0.004039
PF00004925,0.005741
PF00004926,0.005741
PF00004927,0.005741
PF00004930,0.006868
PF00004937,0.004039
PF00004940,0.003973
PF00004941,0.003973
PF00004942,0.003973
PF00004951,0.005741
PF00004952,0.005741
PF00004953,0.004039
PF00004954,0.003973
PF00004957,0.003973
PF00004960,0.004039
PF00004963,0.004039
PF00004968,0.003973
PF00004970,0.003973
PF00004971,0.003973
PF00004976,0.003973
PF00004978,0.005741
PF00004979,0.005741
PF00004980,0.006007
PF00004983,0.003973
PF00004985,0.004039
PF00004988,0.003973
PF00004992,0.005741
PF00004993,0.006747
PF00004994,0.006969
PF00004998,0.005741
PF00005003,0.006181
PF00005004,0.006181
PF00005008,0.005741
PF00005012,0.003973
PF00005013,0.005848
PF00005015,0.006114
PF00005018,0.005678
PF00005019,0.005741
PF00005020,0.006382
PF00005021,0.003973
PF00005022,0.003973
PF00005023,0.003973
PF00005031,0.004039
PF00005034,0.057748
PF00005040,0.006585
PF00005042,0.005678
PF00005049,0.06034
PF00005050,0.06034
PF00005052,0.055435
PF00005055,0.057152
PF00005056,0.056326
PF00005061,0.059963
PF00005064,0.0573
PF00005066,0.052821
PF00005069,0.051217
PF00005070,0.058516
PF00005072,0.06034
PF00005079,0.061182
PF00005085,0.0573
PF00005086,0.057444
PF00005088,0.057264
PF00005099,0.05527
PF00005102,0.075534
PF00005103,0.06115
PF00005107,0.055656
PF00005109,0.055863
PF00005114,0.060627
PF00005115,0.060627
PF00005117,0.057336
PF00005119,0.05267
PF00005122,0.058206
PF00005123,0.059963
PF00005124,0.055865
PF00005125,0.051217
PF00005127,0.060324
PF00005129,0.060405
PF00005130,0.061193
PF00005135,0.06115
PF00005136,0.061069
PF00005138,0.06115
PF00005142,0.05527
PF00005143,0.057444
PF00005150,0.003973
PF00005153,0.005848
PF00005155,0.004039
PF00005158,0.003973
PF00005159,0.003973
PF00005160,0.003973
PF00005161,0.005741
PF00005165,0.004039
PF00005166,0.004039
PF00005168,0.003973
PF00005169,0.005848
PF00005173,0.061251
PF00005175,0.06115
PF00005177,0.003973
PF00005180,0.005741
PF00005181,0.004039
PF00005182,0.003973
PF00005185,0.005741
PF00005187,0.005741
PF00005188,0.004039
PF00005191,0.005741
PF00005193,0.006458
PF00005194,0.006458
PF00005195,-0.00098
PF00005196,-0.00098
PF00005200,0.003973
PF00005201,0.060949
PF00005203,0.061473
PF00005205,0.060912
PF00005208,0.003973
PF00005211,0.006723
PF00005223,0.006458
PF00005214,0.007043
PF00005215,0.061283
PF00005221,0.003973
PF00005225,0.006458
PF00005227,0.006723
PF00005231,0.004325
PF00005232,0.00561
PF00005230,0.006778
PF00005235,0.005507
PF00005236,0.003973
PF00005247,0.006458
PF00005255,0.003973
PF00005258,0.006318
PF00005262,0.007044
PF00005266,0.005572
PF00005270,0.004039
PF00005278,0.007044
PF00005281,0.006458
PF00005284,0.003973
PF00005285,0.003973
PF00005286,0.003973
PF00005288,0.004039
PF00005289,0.006458
PF00005300,0.061286
PF00005310,0.003973
PF00005312,0.005572
PF00005313,0.005572
PF00005317,0.061345
PF00005339,0.061321
PF00005344,0.061234
PF00005326,0.00561
PF00005327,0.006458
PF00005336,0.003973
PF00005337,0.00416
PF00005342,0.061321
PF00005347,0.061485
PF00005354,0.061345
PF00005358,0.003973
PF00005364,0.004039
PF00005366,0.006653
PF00005369,0.003973
PF00005374,0.003973
PF00005378,0.006456
PF00005381,0.003973
PF00005383,0.003973
PF00005384,0.006664
PF00005385,0.006664
PF00005389,0.060663
PF00005391,0.059957
PF00005394,0.05999
PF00005411,0.004537
PF00005417,0.059906
PF00005419,0.059906
PF00005428,0.003957
PF00005433,0.003973
PF00005434,0.006051
PF00005439,0.059906
PF00005440,0.059906
PF00005443,0.003973
PF00005444,0.003973
PF00005448,0.004537
PF00005451,0.006968
PF00005452,0.004039
PF00005456,0.059906
PF00005458,0.060799
PF00005459,0.06016
PF00005461,0.060138
PF00005464,0.059906
PF00005468,0.004537
PF00005469,0.003973
PF00005470,0.004537
PF00005471,0.004039
PF00005474,0.006664
PF00005478,0.007504
PF00005480,0.059906
PF00005481,0.059906
PF00005485,0.003973
PF00005487,0.003973
PF00005488,0.003973
PF00005494,0.003973
PF00005495,0.003973
PF00005496,0.006664
PF00005497,0.006664
PF00005498,0.006664
PF00005502,0.003973
PF00005504,0.003973
PF00005505,0.003973
PF00005506,0.003973
PF00005512,0.00677
PF00005514,0.004039
PF00005517,0.004039
PF00005522,0.060107
PF00005524,0.060288
PF00005525,0.059837
PF00005533,0.059837
PF00005534,0.059837
PF00005537,0.004039
PF00005538,0.004039
PF00005548,0.059837
PF00005549,0.004039
PF00005545,0.004388
PF00005546,0.004039
PF00005547,0.004039
PF00005550,0.004039
PF00005555,0.004039
PF00005562,0.00677
PF00005569,0.00677
PF00005570,0.004388
PF00005577,0.003973
PF00005581,0.060799
PF00005585,0.007234
PF00005588,0.004039
PF00005593,0.003973
PF00005594,0.003973
PF00005599,0.059837
PF00005605,0.059837
PF00005607,0.059837
PF00005609,0.003973
PF00005623,0.004023
PF00005624,0.003973
PF00005626,0.004039
PF00005627,0.003973
PF00005629,0.006968
PF00005640,0.060058
PF00005642,0.060163
PF00005643,0.05996
PF00005644,0.05996
PF00005645,0.004388
PF00005648,0.003973
PF00005650,0.004039
PF00005651,0.003973
PF00005652,0.008844
PF00005658,0.003973
PF00005663,0.05996
PF00005667,0.00677
PF00005668,0.004039
PF00005673,0.05996
PF00005674,0.007036
PF00005680,0.008844
PF00005684,0.004388
PF00005685,0.003973
PF00005707,0.05996
PF00005691,0.004039
PF00005694,0.008932
PF00005712,0.004039
PF00005702,0.004039
PF00005706,0.00677
PF00005708,0.060028
PF00005710,0.05996
PF00005715,0.003973
PF00005726,0.05996
PF00005730,0.00677
PF00005732,0.00677
PF00005737,0.004039
PF00005741,0.004039
PF00005747,0.007234
PF00005748,0.00677
PF00005773,0.003973
PF00005775,0.003973
PF00005753,0.003973
PF00005757,0.062599
PF00005759,0.062599
PF00005761,0.062599
PF00005770,0.003973
PF00005777,0.004039
PF00005780,0.004336
PF00005783,0.062491
PF00005784,0.062501
PF00005785,0.062501
PF00005803,0.006968
PF00005788,0.006983
PF00005796,0.062599
PF00005797,0.004039
PF00005798,0.004039
PF00005799,0.004039
PF00005807,0.003973
PF00005808,0.003973
PF00005806,0.003973
PF00005810,0.062537
PF00005814,0.00677
PF00005816,0.00677
PF00005820,0.003973
PF00005821,0.004039
PF00005830,0.062448
PF00005832,0.009957
PF00005835,0.062084
PF00005837,0.062491
PF00005838,0.062491
PF00005842,0.004039
PF00005843,0.00677
PF00005844,0.004039
PF00005852,0.003973
PF00005855,0.062599
PF00005866,0.00677
PF00005867,0.003973
PF00005868,0.003973
PF00005869,0.003973
PF00005871,0.004039
PF00005876,0.003973
PF00005880,0.004112
PF00005882,0.003973
PF00005885,0.003973
PF00005887,0.062842
PF00005892,0.062616
PF00005899,0.003973
PF00005903,0.062607
PF00005904,0.005827
PF00005905,0.005392
PF00005906,0.004039
PF00005907,0.004537
PF00005911,0.003973
PF00005912,0.003973
PF00005916,0.062846
PF00005926,0.062738
PF00005930,0.003973
PF00005936,0.003973
PF00005939,0.003973
PF00005940,0.005392
PF00005950,0.008768
PF00005948,0.062448
PF00005951,0.004039
PF00005955,0.004537
PF00005958,0.004039
PF00005966,0.004074
PF00005968,0.062746
PF00005971,0.062746
PF00005974,0.003973
PF00005975,0.003973
PF00005979,0.003973
PF00005982,0.003973
PF00005983,0.003973
PF00005985,0.004039
PF00005987,0.006968
PF00005988,0.003973
PF00005992,0.062356
PF00005999,0.003973
PF00006002,0.007036
PF00006005,0.004039
PF00006008,0.003973
PF00006009,0.003973
PF00006013,0.004537
PF00006016,0.003973
PF00006017,0.003973
PF00006025,0.063548
PF00006027,0.004537
PF00006030,0.063615
PF00006031,0.063615
PF00006032,0.004039
PF00006034,0.004039
PF00006037,0.063615
PF00006044,0.00677
PF00006041,0.063615
PF00006050,0.007792
PF00006058,0.004039
PF00006061,0.003973
PF00006062,0.003973
PF00006065,0.004039
PF00006070,0.007036
PF00006071,0.063553
PF00006074,0.063556
PF00006076,0.004016
PF00006077,0.003973
PF00006084,0.004537
PF00006088,0.063615
PF00006092,0.004039
PF00006093,0.004039
PF00006094,0.004039
PF00006097,0.003973
PF00006098,0.004039
PF00006100,0.003973
PF00006110,0.003973
PF00006104,0.003973
PF00006106,0.00677
PF00006107,0.006968
PF00006109,0.003973
PF00006117,0.006968
PF00006118,0.007036
PF00006123,0.004039
PF00006125,0.003973
PF00006128,0.004039
PF00006129,0.063453
PF00006131,0.062925
PF00006135,0.063289
PF00006136,0.004039
PF00006139,0.00677
PF00006140,0.007106
PF00006144,0.004392
PF00006147,0.063358
PF00006148,0.062882
PF00006151,0.00677
PF00006152,0.003973
PF00006153,0.003973
PF00006157,0.003973
PF00006161,0.003973
PF00006162,0.004039
PF00006164,0.00677
PF00006165,0.003973
PF00006166,0.003973
PF00006167,0.003973
PF00006168,0.063453
PF00006169,0.063358
PF00006170,0.063453
PF00006172,0.063453
PF00006173,0.009768
PF00006174,0.003973
PF00006179,0.063289
PF00006181,0.00677
PF00006182,0.008454
PF00006184,0.004074
PF00006186,0.003973
PF00006189,0.003973
PF00006202,0.003973
PF00006206,0.003973
PF00006207,0.003973
PF00006211,0.063453
PF00006212,0.063453
PF00006213,0.063453
PF00006215,0.003973
PF00006218,0.003973
PF00006222,0.003973
PF00006223,0.004023
PF00006224,0.003973
PF00006230,0.063453
PF00006233,0.063289
PF00006234,0.007555
PF00006235,0.003735
PF00006244,0.063358
PF00006246,0.063298
PF00006247,0.063289
PF00006248,0.003752
PF00006249,0.003752
PF00006250,0.003752
PF00006251,0.004265
PF00006252,0.003862
PF00006255,0.005519
PF00006259,0.003752
PF00006265,0.003735
PF00006267,0.003752
PF00006271,0.003752
PF00006274,0.063453
PF00006275,0.063358
PF00006282,0.009923
PF00006283,0.063453
PF00006286,0.063289
PF00006288,0.009824
PF00006291,0.007357
PF00006292,0.003752
PF00006299,0.004265
PF00006308,0.003735
PF00006310,0.003752
PF00006314,0.063453
PF00006316,0.063453
PF00006320,0.003752
PF00006324,0.003752
PF00006327,0.003752
PF00006329,0.003752
PF00006334,0.004265
PF00006335,0.003752
PF00006338,0.003752
PF00006345,0.06282
PF00006346,0.062808
PF00006347,0.06282
PF00006348,0.003877
PF00006349,0.010498
PF00006354,0.003395
PF00006356,0.003344
PF00006363,0.06282
PF00006365,0.003877
PF00006367,0.003647
PF00006368,0.003996
PF00006369,0.06282
PF00006370,0.06278
PF00006373,0.06282
PF00006374,0.062819
PF00006376,0.012374
PF00006379,0.011413
PF00006387,0.00655
PF00006388,0.003879
PF00006393,0.004325
PF00006395,0.003424
PF00006399,0.011872
PF00006401,0.004294
PF00006402,0.003996
PF00006404,0.013147
PF00006405,0.013972
PF00006410,0.003494
PF00006415,0.062443
PF00006520,0.003503
PF00006523,0.003435
PF00006526,0.003424
PF00006527,0.003546
PF00006539,0.003833
PF00006570,0.062707
PF00006601,0.062666
PF00006602,0.062288
PF00006672,0.003833
PF00006676,0.003181
PF00006679,0.002956
PF00006683,0.015249
PF00006684,0.002956
PF00006686,0.003181
PF00006693,0.003178
PF00006694,0.002956
PF00006423,0.003164
PF00006426,0.003435
PF00006433,0.003546
PF00006436,0.003435
PF00006437,0.003387
PF00006445,0.004097
PF00006446,0.00384
PF00006454,0.004512
PF00006455,0.004325
PF00006456,0.004512
PF00006457,0.003494
PF00006469,0.003344
PF00006471,0.003435
PF00006473,0.003367
PF00006476,0.004237
PF00006483,0.014116
PF00006484,0.01239
PF00006492,0.014548
PF00006493,0.015498
PF00006494,0.004325
PF00006498,0.015498
PF00006499,0.003537
PF00006500,0.004237
PF00006502,0.004237
PF00006503,0.01288
PF00006413,0.003503
PF00006422,0.004237
PF00006490,0.062707
PF00006496,0.062288
PF00006505,0.005253
PF00006510,0.003387
PF00006511,0.003387
PF00006512,0.003344
PF00006514,0.003387
PF00006516,0.005637
PF00006517,0.006638
PF00006529,0.062707
PF00006532,0.062707
PF00006534,0.062707
PF00006540,0.011699
PF00006541,0.00358
PF00006542,0.00358
PF00006543,0.00358
PF00006551,0.062695
PF00006553,0.003789
PF00006555,0.015181
PF00006557,0.003833
PF00006558,0.004538
PF00006561,0.005186
PF00006420,0.06282
PF00006427,0.062707
PF00006429,0.062707
PF00006431,0.062707
PF00006463,0.062666
PF00006464,0.062707
PF00006465,0.062707
PF00006582,0.062695
PF00006583,0.003717
PF00006584,0.004792
PF00006585,0.003833
PF00006588,0.022448
PF00006593,0.00358
PF00006594,0.00358
PF00006595,0.003451
PF00006597,0.003451
PF00006599,0.003556
PF00006605,0.015249
PF00006606,0.015393
PF00006610,0.062707
PF00006611,0.003833
PF00006615,0.018491
PF00006628,0.015249
PF00006629,0.003181
PF00006655,0.003523
PF00006631,0.003229
PF00006451,0.062695
PF00006485,0.004325
PF00006487,0.003405
PF00006617,0.014797
PF00006619,0.003229
PF00006638,0.015393
PF00006643,0.014797
PF00006644,0.00358
PF00006654,0.003833
PF00006658,0.003916
PF00006650,0.003308
PF00006651,0.003833
PF00006660,0.015249
PF00006661,0.01539
PF00006663,0.003181
PF00006664,0.00397
PF00006665,0.003451
PF00006700,0.003414
PF00006701,0.003963
PF00006768,0.062707
PF00006983,0.005159
PF00006985,0.006149
PF00007013,0.063624
PF00006996,0.004973
PF00006997,0.005054
PF00007006,0.015563
PF00007010,0.063704
PF00007011,0.063773
PF00007022,0.005878
PF00007026,0.006981
PF00007027,0.015563
PF00007029,0.004973
PF00007030,0.005159
PF00006710,0.00397
PF00006713,0.003229
PF00006714,0.016194
PF00006719,0.002825
PF00006720,0.002957
PF00006722,0.00377
PF00006725,0.003229
PF00006726,0.003229
PF00006731,0.015946
PF00006747,0.015946
PF00006749,0.003181
PF00006751,0.003489
PF00006752,0.003833
PF00006753,0.003567
PF00006758,0.015946
PF00006761,0.003039
PF00006822,0.004237
PF00006772,0.00568
PF00006773,0.015946
PF00006702,0.062707
PF00006704,0.062707
PF00006706,0.062707
PF00006823,0.003696
PF00006826,0.062618
PF00006833,0.002957
PF00006834,0.003181
PF00006835,0.002825
PF00006839,0.003656
PF00006841,0.004021
PF00006961,0.003696
PF00006964,0.015946
PF00006969,0.003454
PF00006971,0.003489
PF00007055,0.006869
PF00007056,0.015725
PF00007060,0.004973
PF00007063,0.005956
PF00007065,0.006702
PF00007066,0.006332
PF00006847,0.003908
PF00006848,0.003833
PF00006853,0.016194
PF00006856,0.01273
PF00006857,0.002957
PF00006859,0.00397
PF00006864,0.015908
PF00006865,0.016137
PF00006871,0.003181
PF00006875,0.003833
PF00006877,0.003696
PF00006878,0.003985
PF00006882,0.003985
PF00006884,0.003833
PF00006886,0.003841
PF00006889,0.002825
PF00006890,0.003813
PF00006893,0.003567
PF00006898,0.016161
PF00006900,0.003358
PF00006738,0.062666
PF00006740,0.062695
PF00006741,0.062666
PF00006769,0.062707
PF00006776,0.003181
PF00006779,0.003181
PF00006780,0.002957
PF00006784,0.016194
PF00006785,0.002957
PF00006791,0.003833
PF00006795,0.016194
PF00006798,0.003696
PF00006804,0.00397
PF00006814,0.016194
PF00006815,0.016161
PF00006817,0.003767
PF00006819,0.003443
PF00006904,0.003181
PF00006850,0.062707
PF00006851,0.062707
PF00006906,0.009981
PF00006908,0.003567
PF00007038,0.006981
PF00007044,0.005878
PF00007043,0.004977
PF00007045,0.005956
PF00007046,0.005956
PF00007053,0.063624
PF00007067,0.006332
PF00007068,0.006631
PF00007069,0.004973
PF00007070,0.015674
PF00007071,0.015563
PF00007073,0.004973
PF00007077,0.006177
PF00007079,0.015563
PF00007084,0.006154
PF00007088,0.004973
PF00007092,0.005956
PF00007093,0.0065
PF00006910,0.006441
PF00006913,0.003229
PF00006915,0.018089
PF00006917,0.002825
PF00006921,0.004719
PF00006924,0.003985
PF00006928,0.015908
PF00006933,0.003567
PF00006934,0.003696
PF00006936,0.003229
PF00006938,0.003656
PF00006942,0.015908
PF00006943,0.002825
PF00006944,0.002891
PF00006948,0.015908
PF00006978,0.015725
PF00006980,0.004973
PF00007211,0.015563
PF00007213,0.004973
PF00007216,0.004977
PF00007220,0.005956
PF00007223,0.005878
PF00007224,0.015743
PF00007225,0.015912
PF00007226,0.012023
PF00007227,0.009156
PF00007228,0.015563
PF00007229,0.015725
PF00007230,0.015563
PF00007233,0.005878
PF00007235,0.004973
PF00007243,0.005054
PF00007246,0.005159
PF00007259,0.015725
PF00007249,0.006154
PF00007254,0.005054
PF00007256,0.004973
PF00007260,0.009472
PF00007262,0.004977
PF00007394,0.009494
PF00007399,0.007781
PF00007401,0.017303
PF00007402,0.007135
PF00007408,0.016194
PF00007410,0.017303
PF00007411,0.007248
PF00007413,0.007713
PF00007418,0.008064
PF00007420,0.062197
PF00007424,0.021191
PF00007430,0.016404
PF00007431,0.00722
PF00007435,0.007923
PF00007437,0.007958
PF00007595,0.05576
PF00007596,0.062704
PF00007283,0.005956
PF00007285,0.005878
PF00007286,0.005956
PF00007288,0.015563
PF00007291,0.004973
PF00007293,0.006349
PF00007294,0.004973
PF00007298,0.005054
PF00007305,0.015563
PF00007334,0.016161
PF00007312,0.006068
PF00007313,0.005878
PF00007314,0.005322
PF00007318,0.009104
PF00007339,0.009494
PF00007346,0.026074
PF00007347,0.008668
PF00007180,0.062142
PF00007181,0.06367
PF00007182,0.063779
PF00007202,0.004973
PF00007203,0.004977
PF00007207,0.006154
PF00007208,0.005054
PF00007209,0.004973
PF00007357,0.016194
PF00007358,0.008199
PF00007363,0.009494
PF00007450,0.008919
PF00007459,0.007952
PF00007462,0.007135
PF00007465,0.016478
PF00007466,0.007713
PF00007471,0.007781
PF00007473,0.007135
PF00007476,0.007135
PF00007477,0.007952
PF00007479,0.007713
PF00007480,0.00727
PF00007486,0.00727
PF00007491,0.008093
PF00007492,0.008008
PF00007493,0.007248
PF00007494,0.007248
PF00007503,0.017402
PF00007504,0.016478
PF00007505,0.016194
PF00007506,0.007135
PF00007507,0.007781
PF00007512,0.007248
PF00007514,0.016478
PF00007519,0.008307
PF00007520,0.029355
PF00007526,0.007923
PF00007527,0.007923
PF00007528,0.008558
PF00007530,0.008058
PF00007139,0.004973
PF00007141,0.004973
PF00007143,0.004973
PF00007146,0.015563
PF00007150,0.006859
PF00007156,0.015457
PF00007157,0.015725
PF00007160,0.015563
PF00007161,0.004977
PF00007162,0.004973
PF00007166,0.006472
PF00007167,0.005956
PF00007170,0.015563
PF00007175,0.004973
PF00007179,0.006715
PF00007186,0.006042
PF00007266,0.005878
PF00007096,0.005956
PF00007101,0.004973
PF00007103,0.006981
PF00007107,0.006042
PF00007110,0.006154
PF00007112,0.015457
PF00007113,0.063661
PF00007116,0.063779
PF00007118,0.063196
PF00007122,0.015743
PF00007125,0.015743
PF00007126,0.005136
PF00007127,0.005136
PF00007129,0.005878
PF00007132,0.063551
PF00007154,0.063773
PF00007269,0.015674
PF00007275,0.015563
PF00007276,0.004973
PF00007277,0.004973
PF00007278,0.004973
PF00007281,0.015563
PF00007320,0.005878
PF00007324,0.009653
PF00007325,0.025601
PF00007327,0.042752
PF00007328,0.007248
PF00007329,0.007135
PF00007587,0.062385
PF00007589,0.062385
PF00007366,0.007248
PF00007369,0.007135
PF00007370,0.007248
PF00007372,0.007781
PF00007374,0.008199
PF00007382,0.008008
PF00007390,0.007427
PF00007666,0.007248
PF00007670,0.007248
PF00007672,0.016478
PF00007687,0.062707
PF00007710,0.007781
PF00007714,0.007781
PF00007716,0.00727
PF00007719,0.016161
PF00007721,0.009866
PF00007724,0.009866
PF00007725,0.00722
PF00007726,0.008064
PF00007728,0.016665
PF00007756,0.009118
PF00007758,0.00899
PF00007759,0.009118
PF00007762,0.00899
PF00007774,0.00907
PF00007740,0.062118
PF00007792,0.008988
PF00007794,0.009119
PF00007797,0.009079
PF00007798,0.00899
PF00007801,0.062527
PF00007816,0.016194
PF00007818,0.016194
PF00007823,0.00899
PF00007827,0.00899
PF00007843,0.00899
PF00007848,0.016194
PF00007781,0.00899
PF00007809,0.062676
PF00007811,0.062435
PF00007812,0.062675
PF00007813,0.062676
PF00007814,0.062488
PF00007851,0.015908
PF00007867,0.009115
PF00007869,0.00899
PF00007876,0.062432
PF00007884,0.00899
PF00007885,0.009123
PF00007890,0.062512
PF00007892,0.062513
PF00007895,0.062381
PF00007898,0.010214
PF00007901,0.008564
PF00007904,0.00899
PF00007905,0.016213
PF00007598,0.062707
PF00007601,0.055542
PF00007605,0.062466
PF00007607,0.061949
PF00007613,0.062466
PF00007616,0.062413
PF00007618,0.062707
PF00007621,0.06247
PF00007623,0.062569
PF00007627,0.062396
PF00007625,0.062707
PF00007626,0.062463
PF00007860,0.0622
PF00007874,0.062676
PF00007909,0.062676
PF00007910,0.01497
PF00007918,0.016213
PF00007920,0.062676
PF00007925,0.016194
PF00007930,0.00899
PF00007933,0.016213
PF00007934,0.016213
PF00007631,0.062621
PF00007662,0.016161
PF00007663,0.016194
PF00007669,0.008098
PF00007679,0.007248
PF00007695,0.007781
PF00007700,0.00727
PF00007702,0.008064
PF00007835,0.062676
PF00007937,0.062636
PF00007940,0.008997
PF00007942,0.00899
PF00007943,0.009115
PF00007946,0.017848
PF00007947,0.016213
PF00007648,0.00727
PF00007660,0.016665
PF00007704,0.062629
PF00007735,0.00899
PF00007744,0.062636
PF00007779,0.06259
PF00007807,0.016161
PF00007820,0.016161
PF00007838,0.062354
PF00007852,0.009118
PF00007856,0.009125
PF00007634,0.062558
PF00007635,0.062036
PF00007549,0.008064
PF00007552,0.008767
PF00007556,0.00727
PF00007557,0.016478
PF00007558,0.015908
PF00007569,0.007248
PF00007571,0.00727
PF00007572,0.016478
PF00007577,0.002903
PF00007578,0.007248
PF00007579,0.008767
PF00007580,0.007781
PF00007582,0.007135
PF00007583,0.007781
PF00007584,0.007248
PF00007585,0.016478
PF00007586,0.008064
PF00007632,0.016194
PF00007639,0.009494
PF00007642,0.008767
PF00007643,0.007248
PF00008237,0.061212
PF00008310,0.009118
PF00008313,0.00899
PF00008314,0.00899
PF00008316,0.008564
PF00008320,0.014697
PF00008322,0.00899
PF00008323,0.00899
PF00008326,0.017656
PF00008332,0.061353
PF00008375,0.012725
PF00008376,0.010488
PF00008387,0.009916
PF00008390,0.013218
PF00008398,0.013798
PF00008399,0.010488
PF00008400,0.010971
PF00008401,0.010548
PF00008404,0.00983
PF00008406,0.060349
PF00008407,0.06111
PF00007959,0.062327
PF00007997,0.061286
PF00008031,0.00899
PF00008033,0.00899
PF00008037,0.009107
PF00008038,0.009115
PF00008039,0.00899
PF00008043,0.014134
PF00008044,0.00899
PF00008046,0.009125
PF00008051,0.061953
PF00008052,0.061299
PF00008079,0.06133
PF00008087,0.00899
PF00008085,0.014556
PF00008092,0.00899
PF00008091,0.014912
PF00008096,0.00899
PF00008097,0.008564
PF00008107,0.009118
PF00008059,0.021269
PF00008066,0.00899
PF00008069,0.008988
PF00008071,0.009198
PF00008100,0.061679
PF00008102,0.061973
PF00008127,0.009125
PF00008118,0.014697
PF00008121,0.009118
PF00008126,0.014697
PF00008131,0.010607
PF00008136,0.060855
PF00008140,0.009185
PF00008143,0.009491
PF00008146,0.00899
PF00008148,0.014697
PF00008160,0.009118
PF00008174,0.061472
PF00008167,0.009125
PF00008169,0.00899
PF00008171,0.010214
PF00008172,0.014697
PF00008175,0.061112
PF00008177,0.016841
PF00008180,0.009118
PF00008181,0.008564
PF00008191,0.061233
PF00008221,0.010214
PF00008223,0.009125
PF00008226,0.014912
PF00008227,0.00899
PF00008228,0.009115
PF00008230,0.012327
PF00008233,0.008988
PF00008248,0.014556
PF00008249,0.00899
PF00008261,0.014697
PF00008262,0.014697
PF00008263,0.009118
PF00008266,0.009118
PF00007951,0.00899
PF00007952,0.009118
PF00007953,0.00899
PF00007956,0.00899
PF00007962,0.009623
PF00007963,0.016194
PF00007968,0.00899
PF00007970,0.00907
PF00007971,0.00899
PF00007979,0.00899
PF00007981,0.00899
PF00007983,0.009125
PF00007984,0.016213
PF00007987,0.00899
PF00007988,0.009115
PF00007990,0.00899
PF00007992,0.009491
PF00007993,0.00899
PF00008001,0.009115
PF00008002,0.009115
PF00008004,0.009115
PF00008006,0.009115
PF00008015,0.009118
PF00008012,0.016213
PF00008013,0.015908
PF00008016,0.00899
PF00008017,0.00899
PF00008018,0.00899
PF00008021,0.00899
PF00008022,0.009125
PF00008026,0.060943
PF00008200,0.009118
PF00008204,0.009125
PF00008205,0.009118
PF00008208,0.014912
PF00008214,0.014878
PF00008218,0.009115
PF00008260,0.061472
PF00008246,0.061438
PF00008259,0.061205
PF00008268,0.008876
PF00008269,0.008564
PF00008009,0.062676
PF00008154,0.061053
PF00008156,0.061233
PF00008272,0.061372
PF00008284,0.061063
PF00008295,0.009642
PF00008296,0.009115
PF00008297,0.009115
PF00008298,0.009185
PF00008302,0.017653
PF00008306,0.061472
PF00008308,0.018754
PF00008335,0.014697
PF00008339,0.009125
PF00008340,0.008564
PF00008341,0.014912
PF00008351,0.010295
PF00008353,0.009742
PF00008358,0.016796
PF00008055,0.061953
PF00008057,0.061371
PF00008151,0.061212
PF00008152,0.06133
PF00008153,0.052362
PF00008244,0.014697
PF00008255,0.009118
PF00008256,0.008564
PF00008257,0.00899
PF00008258,0.014912
PF00008276,0.009115
PF00008277,0.00899
PF00008283,0.014697
PF00008288,0.014697
PF00008289,0.014878
PF00008290,0.014697
PF00008361,0.010588
PF00008363,0.010094
PF00008369,0.060786
PF00008371,0.060276
PF00008374,0.012725
PF00011743,0.002702
PF00012229,0.002811
PF00012230,0.002221
PF00012232,0.002811
PF00012233,0.003283
PF00012236,0.001717
PF00012244,0.002811
PF00012260,0.002702
PF00012261,0.002811
PF00012262,0.002811
PF00012270,0.002221
PF00012278,0.002221
PF00012285,0.002221
PF00012301,0.001607
PF00010480,0.002221
PF00010482,0.002702
PF00010483,0.001721
PF00010484,0.002811
PF00010485,0.002811
PF00010546,0.002221
PF00010548,0.00242
PF00010582,0.002702
PF00010590,0.002221
PF00010595,0.002221
PF00010607,0.002221
PF00010609,0.002811
PF00010610,0.002702
PF00010616,0.002811
PF00010617,0.002811
PF00010619,0.002702
PF00010620,0.002702
PF00010626,0.002702
PF00011951,0.003283
PF00011962,0.002702
PF00011976,0.002702
PF00011981,0.002811
PF00011985,0.002811
PF00011986,0.002221
PF00011989,0.006726
PF00011993,0.002221
PF00012000,0.001831
PF00012001,0.001831
PF00010165,0.003005
PF00010186,0.002341
PF00010187,0.002811
PF00010188,0.002811
PF00010191,0.002702
PF00010192,0.002221
PF00010215,0.001721
PF00010228,0.002702
PF00010230,0.002811
PF00010231,0.002811
PF00010232,0.002221
PF00010244,0.002811
PF00010262,0.002811
PF00010265,0.002221
PF00010296,0.002811
PF00011786,0.004272
PF00011790,0.002811
PF00011791,0.002811
PF00011797,0.002221
PF00011799,0.002811
PF00011806,0.002702
PF00011810,0.002221
PF00011819,0.002702
PF00011820,0.002221
PF00011822,0.002341
PF00011830,0.002702
PF00011836,0.002221
PF00011837,0.002221
PF00011847,0.002221
PF00012304,0.002811
PF00010630,0.002221
PF00010632,0.002811
PF00010636,0.002811
PF00010716,0.002702
PF00010722,0.002702
PF00010726,0.002811
PF00010736,0.002702
PF00010739,0.002811
PF00010753,0.001831
PF00011335,0.002811
PF00011336,0.001831
PF00011338,0.002702
PF00012015,0.002702
PF00012017,0.001721
PF00012018,0.002221
PF00012029,0.002702
PF00012030,0.002448
PF00012033,0.002811
PF00012035,0.002702
PF00012038,0.002221
PF00012039,0.002221
PF00012046,0.002702
PF00012060,0.002221
PF00012061,0.002221
PF00012070,0.002221
PF00012071,0.002221
PF00012082,0.002811
PF00012088,0.001831
PF00012089,0.002702
PF00010342,0.003908
PF00010345,0.002811
PF00010419,0.002811
PF00010420,0.002811
PF00010423,0.002811
PF00010424,0.002811
PF00010433,0.003134
PF00010445,0.002811
PF00010446,0.002221
PF00010448,0.002221
PF00010453,0.002221
PF00010454,0.002221
PF00010456,0.001721
PF00010458,0.002221
PF00010459,0.002811
PF00010460,0.002448
PF00012156,0.002702
PF00012181,0.003283
PF00012182,0.003283
PF00012305,0.002702
PF00012312,0.002221
PF00012314,0.004248
PF00012316,0.001607
PF00012317,0.001607
PF00012345,0.001607
PF00012349,0.002221
PF00012362,0.002702
PF00012364,0.002702
PF00012365,0.001831
PF00012366,0.004601
PF00012368,0.002221
PF00012369,0.002811
PF00012370,0.001831
PF00012376,0.003283
PF00012377,0.002702
PF00010760,0.001721
PF00010761,0.001721
PF00010768,0.002916
PF00010770,0.002221
PF00010774,0.002258
PF00010775,0.001721
PF00010777,0.002811
PF00010792,0.002811
PF00010795,0.002702
PF00010797,0.002811
PF00012091,0.002702
PF00012092,0.002811
PF00012094,0.002702
PF00012109,0.002221
PF00012111,0.002811
PF00012114,0.002221
PF00012120,0.002221
PF00012131,0.002702
PF00012133,0.002702
PF00012134,0.002702
PF00012138,0.002702
PF00012140,0.002702
PF00012143,0.002867
PF00012151,0.002221
PF00012157,0.002811
PF00012159,0.001721
PF00012162,0.002902
PF00010463,0.002221
PF00010481,0.002811
PF00010539,0.002811
PF00010540,0.002811
PF00010541,0.002221
PF00010543,0.002221
PF00010556,0.001831
PF00010563,0.002221
PF00010640,0.002221
PF00010641,0.002811
PF00010644,0.002221
PF00010650,0.002702
PF00010651,0.002811
PF00010653,0.002811
PF00010695,0.002702
PF00010696,0.002702
PF00010697,0.002702
PF00012380,0.002221
PF00012387,0.002702
PF00012389,0.002702
PF00012392,0.002221
PF00012399,0.002221
PF00012402,0.002702
PF00012407,0.002221
PF00012413,0.001831
PF00012418,0.001831
PF00012419,0.002811
PF00012420,0.002811
PF00012421,0.002221
PF00012422,0.002811
PF00012425,0.002221
PF00010835,0.002505
PF00010836,0.002702
PF00010839,0.002702
PF00010844,0.002221
PF00010847,0.002811
PF00010849,0.001721
PF00010869,0.001721
PF00010871,0.001721
PF00010872,0.002702
PF00010873,0.002811
PF00010875,0.002221
PF00010878,0.002221
PF00012178,0.003331
PF00012185,0.002811
PF00012186,0.002702
PF00012188,0.002221
PF00012190,0.002702
PF00012192,0.002811
PF00012193,0.002811
PF00012195,0.001831
PF00012196,0.001721
PF00012197,0.002811
PF00012198,0.002221
PF00012201,0.002221
PF00012208,0.002221
PF00012210,0.002811
PF00010699,0.002811
PF00010710,0.002221
PF00010800,0.002811
PF00010802,0.002702
PF00010805,0.002811
PF00010806,0.002221
PF00010924,0.002221
PF00010970,0.002811
PF00010983,0.001721
PF00011047,0.001721
PF00011049,0.002702
PF00012332,0.001607
PF00012434,0.001831
PF00012437,0.002702
PF00012442,0.001831
PF00012447,0.001831
PF00012455,0.002221
PF00012456,0.002811
PF00012457,0.002811
PF00012458,0.001831
PF00012468,0.002702
PF00012471,0.002702
PF00012472,0.002221
PF00012475,0.002867
PF00010885,0.002811
PF00010944,0.003235
PF00010946,0.002811
PF00010958,0.002702
PF00010985,0.001721
PF00010988,0.002811
PF00010989,0.001721
PF00011009,0.002811
PF00012221,0.002221
PF00012223,0.002811
PF00012225,0.002702
PF00012231,0.002811
PF00012250,0.002221
PF00012252,0.002221
PF00012255,0.002702
PF00012264,0.001717
PF00012265,0.001717
PF00012266,0.001717
PF00012290,0.002221
PF00012291,0.002702
PF00011116,0.001721
PF00011119,0.002702
PF00011122,0.001721
PF00011177,0.002702
PF00011178,0.002221
PF00011213,0.002221
PF00011218,0.002811
PF00011228,0.003555
PF00011230,0.002221
PF00011231,0.002221
PF00011238,0.002937
PF00011242,0.002221
PF00011243,0.002221
PF00011244,0.002221
PF00011245,0.002811
PF00011346,0.002702
PF00011347,0.002702
PF00011348,0.002448
PF00011419,0.00447
PF00009193,0.005741
PF00009195,0.003973
PF00009205,0.003973
PF00009207,0.005741
PF00009212,0.003973
PF00009215,0.003973
PF00009217,0.005741
PF00010121,0.001721
PF00010123,0.002811
PF00010127,0.002811
PF00010129,0.002221
PF00010134,0.002811
PF00011018,0.002811
PF00011019,0.002702
PF00011022,0.002811
PF00011025,0.002221
PF00011027,0.004625
PF00011073,0.001721
PF00011075,0.002811
PF00011087,0.002221
PF00011088,0.001721
PF00011115,0.002221
PF00011124,0.002811
PF00011125,0.002811
PF00011126,0.003171
PF00011127,0.002811
PF00011128,0.002702
PF00011138,0.001721
PF00012293,0.002811
PF00012294,0.001607
PF00012295,0.002811
PF00012298,0.003331
PF00012299,0.002702
PF00012307,0.002811
PF00012313,0.001607
PF00012319,0.002811
PF00012320,0.002221
PF00012326,0.002702
PF00012328,0.002448
PF00012329,0.003283
PF00012333,0.001607
PF00012335,0.001717
PF00012336,0.001607
PF00012340,0.002702
PF00012354,0.002221
PF00012357,0.001607
PF00010395,0.007986
PF00010407,0.004322
PF00010412,0.003908
PF00010416,0.002811
PF00010565,0.001721
PF00010569,0.001721
PF00010573,0.002702
PF00012385,0.001831
PF00012394,0.004177
PF00012401,0.002702
PF00012408,0.001831
PF00012430,0.002811
PF00012449,0.002221
PF00012464,0.002221
PF00011167,0.002811
PF00011188,0.002811
PF00011190,0.002702
PF00011193,0.002221
PF00011214,0.002702
PF00011215,0.002221
PF00011216,0.002702
PF00011217,0.002221
PF00011223,0.002811
PF00011226,0.002811
PF00011227,0.003555
PF00011270,0.002221
PF00011271,0.002221
PF00011275,0.002702
PF00011277,0.002547
PF00011280,0.002811
PF00011281,0.002811
PF00011342,0.002811
PF00008950,0.003973
PF00008958,0.006648
PF00008959,0.003957
PF00008966,0.003957
PF00008968,0.003973
PF00008975,0.006648
PF00009140,0.003973
PF00009141,0.005741
PF00009145,0.003973
PF00009148,0.005726
PF00009150,0.006382
PF00009153,0.003973
PF00009671,0.005143
PF00009681,0.003863
PF00009683,0.003863
PF00009697,0.006369
PF00009710,0.007734
PF00009711,0.002811
PF00008600,0.009267
PF00008726,0.008967
PF00008731,0.008967
PF00008733,0.010263
PF00008741,0.009668
PF00008748,0.009516
PF00008760,0.010566
PF00008763,0.009146
PF00008765,0.009267
PF00008772,0.009374
PF00008787,0.003973
PF00008789,0.006578
PF00008796,0.006648
PF00008805,0.004023
PF00008808,0.003973
PF00008814,0.003973
PF00008889,0.006578
PF00011345,0.001831
PF00011356,0.002811
PF00011361,0.002221
PF00011362,0.002702
PF00011364,0.002896
PF00011365,0.002702
PF00011366,0.002702
PF00011367,0.002811
PF00011368,0.002221
PF00011369,0.002221
PF00011371,0.002221
PF00011379,0.002811
PF00011381,0.002221
PF00011382,0.002221
PF00011384,0.002702
PF00011385,0.005035
PF00011390,0.001831
PF00011391,0.002811
PF00011400,0.002221
PF00011403,0.002811
PF00008444,0.060432
PF00008824,0.006648
PF00008828,0.003957
PF00008829,0.003973
PF00008837,0.003973
PF00008846,0.006648
PF00008851,0.003957
PF00008853,0.004023
PF00008855,0.004023
PF00009131,0.003957
PF00009134,0.003973
PF00009135,0.005992
PF00009138,0.003973
PF00009142,0.003973
PF00009157,0.003973
PF00009160,0.003973
PF00011343,0.002221
PF00011424,0.002221
PF00011432,0.002702
PF00011440,0.002221
PF00008419,0.061468
PF00008596,0.009811
PF00008603,0.008967
PF00008605,0.010585
PF00008890,0.006585
PF00008900,0.006648
PF00008902,0.006648
PF00008908,0.006648
PF00008909,0.003973
PF00008910,0.003973
PF00008911,0.003973
PF00008932,0.003973
PF00008933,0.003973
PF00009068,0.003973
PF00009069,0.006648
PF00009071,0.006585
PF00009084,0.003973
PF00009097,0.006578
PF00009099,0.004023
PF00009100,0.004983
PF00009272,0.005741
PF00009277,0.003973
PF00011405,0.002811
PF00011450,0.002221
PF00011469,0.002221
PF00011470,0.002811
PF00011471,0.002221
PF00011512,0.002811
PF00011515,0.002221
PF00011516,0.002702
PF00011536,0.003755
PF00011539,0.002811
PF00011571,0.002702
PF00011572,0.002811
PF00011574,0.002221
PF00011577,0.002937
PF00011586,0.001831
PF00008991,0.006648
PF00009009,0.003973
PF00009014,0.006648
PF00009022,0.003973
PF00009027,0.003957
PF00009180,0.003973
PF00009210,0.003973
PF00009295,0.003973
PF00009296,0.003973
PF00009298,0.003973
PF00009299,0.004039
PF00009301,0.003973
PF00009365,0.003973
PF00009366,0.003973
PF00009383,0.005741
PF00009414,0.005726
PF00011488,0.002221
PF00011506,0.002702
PF00011507,0.002702
PF00011546,0.002547
PF00011547,0.002221
PF00011556,0.002811
PF00011563,0.001831
PF00011564,0.002221
PF00011565,0.004601
PF00011579,0.002702
PF00011582,0.002811
PF00011589,0.002811
PF00011592,0.002811
PF00011596,0.002811
PF00011599,0.001721
PF00008769,0.013119
PF00008811,0.006648
PF00008812,0.003973
PF00008821,0.003973
PF00008825,0.003973
PF00008833,0.003973
PF00008835,0.003973
PF00008841,0.006968
PF00008845,0.006578
PF00009230,0.003973
PF00009231,0.003957
PF00009241,0.005741
PF00009243,0.003973
PF00009252,0.003957
PF00009259,0.005741
PF00009261,0.005741
PF00011456,0.002811
PF00011457,0.002702
PF00011461,0.002702
PF00011595,0.002702
PF00011612,0.002221
PF00011613,0.002221
PF00011624,0.002811
PF00011631,0.002448
PF00011636,0.002221
PF00008867,0.004039
PF00008868,0.004039
PF00008883,0.006648
PF00008885,0.006968
PF00009030,0.003973
PF00009036,0.003973
PF00009037,0.006914
PF00009040,0.003973
PF00009041,0.003973
PF00009051,0.003957
PF00009057,0.003973
PF00009058,0.003973
PF00009062,0.006648
PF00009063,0.004023
PF00009437,0.006056
PF00009444,0.003957
PF00009460,0.003973
PF00011386,0.002811
PF00011387,0.002221
PF00011474,0.002221
PF00011476,0.002221
PF00011490,0.002221
PF00011710,0.00338
PF00011752,0.002702
PF00011754,0.002221
PF00011756,0.002702
PF00011758,0.002702
PF00011759,0.002811
PF00011760,0.002221
PF00011765,0.002221
PF00008487,0.010593
PF00008931,0.003973
PF00009263,0.006382
PF00009283,0.003973
PF00009285,0.003957
PF00009290,0.006482
PF00009325,0.006142
PF00009326,0.006142
PF00009333,0.003973
PF00009334,0.005741
PF00009384,0.004023
PF00009385,0.005741
PF00009386,0.004783
PF00009387,0.005741
PF00009451,0.003973
PF00009452,0.003973
PF00009453,0.003957
PF00009454,0.003973
PF00009471,0.003973
PF00009472,0.003973
PF00011638,0.002221
PF00011639,0.003755
PF00011640,0.002811
PF00011641,0.002811
PF00011645,0.002221
PF00011657,0.002221
PF00011659,0.002811
PF00011676,0.002221
PF00011684,0.002221
PF00011686,0.002221
PF00011728,0.002811
PF00011729,0.002221
PF00011745,0.002221
PF00008522,0.011546
PF00009313,0.00694
PF00009483,0.003973
PF00009632,0.003863
PF00009648,0.003863
PF00009649,0.004674
PF00009656,0.004674
PF00009693,0.003863
PF00009698,0.003863
PF00009699,0.003863
PF00009701,0.00452
PF00009714,0.002811
PF00009718,0.003193
PF00009719,0.001822
PF00009764,0.002811
PF00009765,0.002702
PF00009766,0.003302
PF00009768,0.003302
PF00009783,0.002221
PF00009784,0.002702
PF00011767,0.002702
PF00011773,0.002221
PF00011856,0.002702
PF00011861,0.002702
PF00011879,0.00338
PF00011881,0.002221
PF00011899,0.002811
PF00011902,0.002811
PF00011905,0.002811
PF00011906,0.002811
PF00011920,0.002811
PF00009082,0.006914
PF00009090,0.003957
PF00009092,0.003973
PF00009110,0.007669
PF00009121,0.003973
PF00009122,0.003973
PF00009125,0.006261
PF00009126,0.005831
PF00009219,0.004023
PF00009223,0.005726
PF00009225,0.005678
PF00009226,0.006382
PF00009332,0.006382
PF00009337,0.003973
PF00009338,0.003973
PF00009339,0.003973
PF00009349,0.004039
PF00009351,0.003973
PF00009353,0.003973
PF00009474,0.003957
PF00009480,0.003973
PF00011344,0.002221
PF00011398,0.002702
PF00011412,0.002221
PF00011414,0.002811
PF00011415,0.002448
PF00011427,0.002811
PF00011431,0.002702
PF00011530,0.002221
PF00011533,0.002702
PF00011652,0.00333
PF00011653,0.002702
PF00011654,0.002811
PF00011655,0.005035
PF00008945,0.006648
PF00008946,0.006648
PF00008961,0.003973
PF00008954,0.003973
PF00008962,0.003973
PF00008977,0.003973
PF00009360,0.006142
PF00009361,0.006382
PF00009373,0.003973
PF00009793,0.002811
PF00009795,0.002702
PF00009796,0.002221
PF00009798,0.002702
PF00009800,0.002811
PF00009806,0.003193
PF00009839,0.003302
PF00009843,0.001822
PF00009844,0.003302
PF00011958,0.002702
PF00011965,0.002811
PF00011966,0.002811
PF00011970,0.002221
PF00011997,0.002702
PF00011998,0.002702
PF00012002,0.002221
PF00012003,0.002221
PF00012022,0.002221
PF00008711,0.009166
PF00008717,0.008967
PF00008718,0.008967
PF00008719,0.011397
PF00009495,0.003973
PF00009513,0.003973
PF00009528,0.003973
PF00009550,0.009695
PF00009555,0.003973
PF00009556,0.003973
PF00009560,0.003973
PF00009703,0.002811
PF00009704,0.002811
PF00009705,0.002811
PF00009721,0.003302
PF00009722,0.002811
PF00011521,0.002221
PF00011522,0.002221
PF00011524,0.002811
PF00011525,0.002811
PF00011531,0.002702
PF00011550,0.002221
PF00011552,0.001831
PF00011558,0.002811
PF00011561,0.002811
PF00011656,0.002702
PF00011662,0.002221
PF00011664,0.002702
PF00011667,0.002811
PF00011673,0.002221
PF00011674,0.002811
PF00009612,0.004249
PF00009613,0.003847
PF00009614,0.003863
PF00009621,0.003863
PF00009623,0.005067
PF00009627,0.003863
PF00009628,0.003863
PF00009851,0.002811
PF00009852,0.002811
PF00009853,0.002221
PF00009860,0.002702
PF00009856,0.003253
PF00009861,0.002702
PF00009880,0.003193
PF00009881,0.002811
PF00009886,0.001822
PF00009887,0.002811
PF00009891,0.002702
PF00009896,0.003302
PF00009899,0.003253
PF00009900,0.002811
PF00009901,0.002811
PF00009919,0.006919
PF00009933,0.002811
PF00009935,0.001822
PF00009943,0.001822
PF00011434,0.002221
PF00011435,0.002221
PF00011437,0.002221
PF00011445,0.002221
PF00011448,0.002702
PF00012047,0.002221
PF00012049,0.002811
PF00012053,0.001831
PF00012057,0.002811
PF00012063,0.002702
PF00012064,0.002221
PF00012065,0.002811
PF00012067,0.002811
PF00012085,0.002221
PF00012095,0.002159
PF00008921,0.007669
PF00008922,0.006578
PF00009745,0.003302
PF00009954,0.006919
PF00010047,0.002811
PF00010048,0.002811
PF00010051,0.002811
PF00010241,0.002811
PF00010248,0.002811
PF00010319,0.002811
PF00010320,0.002811
PF00010323,0.002221
PF00010325,0.001831
PF00010326,0.002811
PF00010330,0.002811
PF00011496,0.0026
PF00011497,0.002811
PF00011503,0.002221
PF00011504,0.002221
PF00011600,0.002811
PF00011602,0.002702
PF00011603,0.00333
PF00011604,0.00333
PF00011606,0.002811
PF00011608,0.003379
PF00011768,0.001831
PF00011769,0.002811
PF00011776,0.002702
PF00011777,0.002221
PF00008504,0.010937
PF00008505,0.012725
PF00008507,0.010488
PF00008510,0.010035
PF00009067,0.003973
PF00009814,0.002811
PF00009816,0.002811
PF00009818,0.003253
PF00009821,0.002811
PF00009822,0.002221
PF00009823,0.002221
PF00009947,0.002221
PF00009948,0.003302
PF00009951,0.002811
PF00009962,0.003891
PF00009988,0.002811
PF00009989,0.002702
PF00009991,0.002811
PF00010010,0.002811
PF00010011,0.002811
PF00012100,0.002702
PF00012101,0.002221
PF00012102,0.002811
PF00012106,0.002221
PF00012116,0.002811
PF00012119,0.002547
PF00012121,0.006726
PF00012127,0.002811
PF00012144,0.002221
PF00012148,0.002702
PF00012217,0.002811
PF00009487,0.003973
PF00009489,0.003973
PF00009490,0.003973
PF00009508,0.005741
PF00009510,0.003957
PF00010334,0.002702
PF00010335,0.003908
PF00010343,0.001721
PF00010351,0.002702
PF00010352,0.002221
PF00010355,0.002702
PF00010356,0.002811
PF00010358,0.002811
PF00010366,0.002811
PF00010367,0.002811
PF00010369,0.002811
PF00011801,0.002811
PF00011817,0.002221
PF00011824,0.002811
PF00011825,0.002811
PF00011827,0.002702
PF00011828,0.002221
PF00011843,0.002702
PF00011845,0.002702
PF00011848,0.002811
PF00011854,0.002811
PF00011860,0.002811
PF00011872,0.002221
PF00011876,0.002811
PF00010012,0.002811
PF00010053,0.002811
PF00010056,0.002811
PF00010058,0.001652
PF00010062,0.002811
PF00010064,0.005403
PF00010065,0.003295
PF00010070,0.002702
PF00010130,0.005403
PF00010133,0.001831
PF00010150,0.001721
PF00010160,0.002811
PF00010164,0.002811
PF00011325,0.002221
PF00011326,0.002221
PF00011330,0.002221
PF00011331,0.002902
PF00011332,0.002902
PF00011333,0.002221
PF00011690,0.002811
PF00011694,0.002811
PF00011697,0.001831
PF00011706,0.002221
PF00011715,0.002702
PF00011716,0.002221
PF00011717,0.002221
PF00011721,0.002702
PF00011722,0.002702
PF00011738,0.002702
PF00010373,0.002811
PF00010374,0.002702
PF00010377,0.001721
PF00010378,0.002811
PF00010379,0.004414
PF00010385,0.002811
PF00010389,0.002811
PF00010390,0.002811
PF00010391,0.002811
PF00010392,0.002702
PF00010403,0.002811
PF00010442,0.002221
PF00010468,0.002221
PF00010469,0.002221
PF00011481,0.002811
PF00011483,0.002221
PF00011885,0.002702
PF00011887,0.002221
PF00011889,0.004248
PF00011897,0.002702
PF00011912,0.001831
PF00011915,0.002811
PF00011917,0.002221
PF00011923,0.002811
PF00011929,0.002221
PF00011931,0.002221
PF00011935,0.002811
PF00008417,0.00983
PF00009958,0.006919
PF00009960,0.003302
PF00009963,0.006393
PF00009964,0.005832
PF00009965,0.003108
PF00009968,0.005572
PF00009969,0.002811
PF00010005,0.002221
PF00010025,0.002811
PF00010027,0.002811
PF00010028,0.002811
PF00010029,0.002702
PF00010032,0.002811
PF00010034,0.002702
PF00010035,0.002221
PF00010041,0.002221
PF00010044,0.002811
PF00010072,0.005403
PF00010073,0.002702
PF00010075,0.002811
PF00010079,0.001652
PF00010083,0.002811
PF00010086,0.002221
PF00010089,0.005403
PF00010091,0.005832
PF00010095,0.00561
PF00010097,0.002811
PF00009974,0.002811
PF00009984,0.002221
PF00009994,0.001652
PF00009997,0.002221
PF00010007,0.001652
PF00010018,0.002811
PF00010020,0.002811
PF00010099,0.002811
PF00010101,0.002811
PF00010102,0.002702
PF00010153,0.001721
PF00010172,0.002221
PF00010168,0.002702
PF00010171,0.002811
PF00010061,0.002811
PF00010078,0.002221
PF00010175,0.002896
PF00010176,0.005403
PF00010177,0.002811
PF00010178,0.002811
PF00010181,0.002221
PF00010182,0.002811
PF00010197,0.002811
PF00010204,0.002702
PF00010207,0.002811
PF00010289,0.002811
PF00010290,0.002811
PF00010257,0.002896
PF00010292,0.002811
PF00010109,0.002811
PF00010110,0.002702
PF00010111,0.003908
PF00010114,0.002702
PF00010143,0.002702
PF00010145,0.002702
PF00010295,0.002811
PF00010312,0.002811
PF00010314,0.002702
PF00010315,0.002811
PF00010524,0.002811
PF00010527,0.002702
PF00010537,0.001721
PF00010195,0.003005
PF00010579,0.002702
PF00010211,0.002702
PF00010212,0.002811
PF00010214,0.001721
PF00010222,0.001721
PF00010581,0.002702
PF00010272,0.002811
PF00010587,0.002221
PF00010588,0.002221
PF00010278,0.002811
PF00010280,0.002811
PF00010283,0.004322
PF00010284,0.002811
PF00010286,0.004351
PF00010589,0.002221
PF00010592,0.002702
PF00010596,0.002221
PF00010598,0.002811
PF00010600,0.0026
PF00010602,0.002811
PF00010613,0.002702
PF00010173,0.002811
PF00010298,0.002811
PF00010300,0.002811
PF00010301,0.002811
PF00010359,0.002221
PF00010363,0.002811
PF00010399,0.003134
PF00010400,0.002811
PF00010418,0.002702
PF00010464,0.002811
PF00010466,0.002811
PF00010467,0.002702
PF00010475,0.002811
PF00010476,0.002702
PF00010491,0.002702
PF00010492,0.002221
PF00010494,0.002221
PF00010495,0.004139
PF00010496,0.005073
PF00010558,0.002221
PF00010559,0.002221
PF00010577,0.002811
PF00010655,0.002702
PF00010665,0.001721
PF00010675,0.004515
PF00010680,0.002811
PF00010682,0.002221
PF00010683,0.002448
PF00010687,0.002811
PF00010689,0.002221
PF00010690,0.004298
PF00010746,0.002221
PF00010747,0.002221
PF00010822,0.001721
PF00010827,0.002811
PF00010865,0.002811
PF00010882,0.002221
PF00010887,0.002702
PF00010658,0.002811
PF00010661,0.001721
PF00010663,0.004599
PF00010664,0.002702
PF00010666,0.002221
PF00010667,0.002702
PF00010909,0.002811
PF00010673,0.002702
PF00010684,0.002702
PF00010922,0.002702
PF00010966,0.002702
PF00011004,0.002221
PF00011006,0.002221
PF00011014,0.001721
PF00011015,0.002258
PF00011023,0.004341
PF00010500,0.002811
PF00010507,0.002159
PF00010706,0.002811
PF00010520,0.004642
PF00010521,0.004613
PF00010714,0.002702
PF00010718,0.002811
PF00010896,0.001721
PF00011036,0.002221
PF00010903,0.002702
PF00010820,0.002811
PF00010906,0.002702
PF00010908,0.002811
PF00010914,0.002221
PF00010930,0.002702
PF00010933,0.002221
PF00010934,0.002221
PF00010937,0.002448
PF00010938,0.002702
PF00010940,0.002221
PF00010941,0.002811
PF00011041,0.002221
PF00011042,0.002702
PF00008935,0.006648
PF00008941,0.004023
PF00009534,0.003973
PF00008983,0.004023
PF00008984,0.003973
PF00008987,0.006578
PF00009536,0.003957
PF00009539,0.005726
PF00009540,0.003973
PF00009545,0.006328
PF00009551,0.003957
PF00009553,0.00561
PF00009594,0.004249
PF00009595,0.004249
PF00009599,0.003863
PF00009600,0.003863
PF00009625,0.005143
PF00009607,0.004249
PF00009617,0.003813
PF00011044,0.001721
PF00011045,0.002811
PF00011060,0.002811
PF00011062,0.002811
PF00011064,0.004428
PF00011065,0.002547
PF00011069,0.002811
PF00011080,0.002159
PF00011197,0.002811
PF00011198,0.002221
PF00011211,0.002221
PF00011212,0.002702
PF00011247,0.002811
PF00011254,0.002811
PF00011255,0.002702
PF00009047,0.003973
PF00009049,0.003973
PF00011037,0.002221
PF00011043,0.001721
PF00011055,0.002811
PF00011056,0.002811
PF00011057,0.002811
PF00011058,0.002221
PF00011059,0.002811
PF00011063,0.002221
PF00011095,0.001721
PF00011096,0.001721
PF00011101,0.004709
PF00011102,0.002702
PF00011112,0.002811
PF00011113,0.002811
PF00011114,0.002221
PF00011146,0.003942
PF00011148,0.001721
PF00011149,0.002811
PF00011163,0.002811
PF00011164,0.002811
PF00011176,0.001721
PF00011180,0.002221
PF00010961,0.001831
PF00010965,0.002811
PF00010974,0.002702
PF00011266,0.002811
PF00011268,0.001721
PF00011269,0.001831
PF00011274,0.002702
PF00011290,0.002702
PF00011286,0.002702
PF00011287,0.002221
PF00011288,0.002221
PF00011303,0.002221
PF00011306,0.002221
PF00011308,0.002702
PF00011134,0.001721
PF00011135,0.002221
PF00011136,0.002702
PF00011154,0.002811
PF00011156,0.002221
PF00011182,0.002811
PF00011183,0.002221
PF00011289,0.002702
PF00011291,0.002221
PF00011293,0.002702
PF00011301,0.002221
PF00011307,0.001721
PF00011310,0.002988
PF00011316,0.002221
PF00011317,0.00408
PF00011323,0.002221
PF00008564,0.014029
PF00008569,0.010717
PF00008570,0.008967
PF00008571,0.008967
PF00008574,0.010453
PF00008575,0.01376
PF00008578,0.010013
PF00008579,0.010717
PF00008587,0.010013
PF00008589,0.008967
PF00008708,0.010453
PF00009390,0.006407
PF00009398,0.003973
PF00009399,0.003973
PF00009407,0.003973
PF00009410,0.003957
PF00008509,0.010014
PF00008618,0.009146
PF00008501,0.013379
PF00008620,0.01158
PF00008628,0.008967
PF00008629,0.009146
PF00008637,0.010013
PF00008651,0.008967
PF00008655,0.008679
PF00008659,0.020454
PF00008682,0.010212
PF00008683,0.008967
PF00008694,0.008319
PF00009308,0.003973
PF00009310,0.004023
PF00009314,0.003973
PF00009317,0.003973
PF00009772,0.003302
PF00009778,0.005035
PF00009780,0.002811
PF00008701,0.010566
PF00008720,0.010585
PF00009776,0.002811
PF00008529,0.010593
PF00008555,0.013218
PF00008559,0.010773
PF00008560,0.013023
PF00008775,0.008007
PF00008792,0.003957
PF00008793,0.006968
PF00008797,0.006578
PF00008800,0.006648
PF00008802,0.003973
PF00009565,0.003863
PF00009566,0.00521
PF00009567,0.005143
PF00009569,0.004249
PF00009584,0.003863
PF00009588,0.004249
PF00008478,0.012725
PF00008448,0.010631
PF00008450,0.010014
PF00008452,0.010014
PF00008477,0.01329
PF00008526,0.015575
PF00008817,0.003957
PF00009293,0.005678
PF00009391,0.003973
PF00009396,0.003973
PF00009401,0.004023
PF00009404,0.003973
PF00009421,0.003973
PF00009321,0.003973
PF00009462,0.005678
PF00009463,0.005741
PF00009593,0.003813
PF00009729,0.005035
PF00009734,0.003193
PF00009756,0.002811
PF00009787,0.002811
PF00009825,0.002221
PF00009827,0.002811
PF00009828,0.002221
PF00009829,0.002811
PF00009832,0.001822
PF00009837,0.002221
PF00009840,0.002702
PF00009847,0.002221
PF00008423,0.011289
PF00008424,0.010014
PF00008577,0.010263
PF00008895,0.007427
PF00008896,0.006578
PF00008905,0.006578
PF00009446,0.006007
PF00009427,0.003973
PF00009429,0.003973
PF00009430,0.003973
PF00009431,0.003957
PF00009867,0.002811
PF00009874,0.002811
PF00009879,0.002221
PF00008441,0.010035
PF00008442,0.014029
PF00008473,0.010035
PF00008464,0.01079
PF00008482,0.010035
PF00008483,0.010014
PF00008735,0.009267
PF00008737,0.010518
PF00008738,0.008967
PF00008740,0.008967
PF00008742,0.010076
PF00008744,0.008967
PF00008745,0.010263
PF00008750,0.009811
PF00008751,0.010133
PF00008754,0.009811
PF00009229,0.005741
PF00009233,0.006382
PF00009235,0.005741
PF00009265,0.003973
PF00009819,0.002702
PF00009820,0.003302
PF00009304,0.006382
PF00009331,0.004039
PF00009340,0.003973
PF00009341,0.006382
PF00009343,0.003973
PF00009346,0.003957
PF00009465,0.003973
PF00009915,0.002702
PF00009920,0.002221
PF00009923,0.002702
PF00009927,0.002702
PF00009929,0.002221
PF00009931,0.002221
PF00009937,0.002221
PF00008623,0.010263
PF00008624,0.010013
PF00008625,0.010212
PF00008632,0.010739
PF00008633,0.010739
PF00008648,0.009322
PF00008649,0.010212
PF00008993,0.003957
PF00008994,0.003973
PF00009002,0.006844
PF00009026,0.006648
PF00009164,0.003957
PF00008673,0.009587
PF00008678,0.009516
PF00008697,0.009811
PF00008698,0.010133
PF00009635,0.003863
PF00009637,0.003863
PF00009640,0.003863
PF00009641,0.006634
PF00009642,0.003863
PF00009652,0.003863
PF00009653,0.003813
PF00009658,0.005143
PF00009661,0.003863
PF00008532,0.010295
PF00008533,0.015555
PF00008550,0.010014
PF00008552,0.010593
PF00008553,0.010014
PF00008917,0.003973
PF00009113,0.003973
PF00009115,0.003973
PF00009120,0.006648
PF00009183,0.003973
PF00009184,0.003973
PF00009665,0.003863
PF00009673,0.003863
PF00009674,0.003813
PF00009908,0.002811
PF00009912,0.002702
PF00008437,0.010014
PF00008438,0.010519
PF00008457,0.01329
PF00008462,0.013379
PF00008465,0.010014
PF00008475,0.010035
PF00008480,0.010322
PF00008872,0.003973
PF00008877,0.007669
PF00008878,0.006968
PF00008879,0.004023
PF00008880,0.003973
PF00008882,0.006578
PF00008892,0.003973
PF00009676,0.004249
PF00009679,0.003863
PF00009689,0.005143
PF00009728,0.001822
PF00009739,0.003253
PF00009743,0.002811
PF00009744,0.002811
PF00008639,0.010212
PF00008643,0.011061
PF00008660,0.013162
PF00008661,0.011426
PF00008669,0.009086
PF00009543,0.004023
PF00009532,0.003957
PF00009544,0.003973
PF00009583,0.003863
PF00009158,0.005678
PF00009805,0.003302
PF00009883,0.002811
PF00009884,0.002221
PF00009412,0.003957
PF00009189,0.005741
PF00009191,0.005678
PF00009192,0.006382
PF00012679,0.002811
PF00012691,0.001607
PF00013568,0.005777
PF00013572,0.008725
PF00013573,0.005777
PF00013574,-0.009066
PF00013575,0.007291
PF00013577,0.000253
PF00013578,0.005777
PF00013581,0.000253
PF00013584,0.000253
PF00013588,0.007291
PF00013589,0.000253
PF00013592,0.006718
PF00013952,0.009698
PF00013955,0.006362
PF00013956,0.006508
PF00015050,-0.003014
PF00015193,0.013819
PF00015194,-0.003014
PF00015195,-0.003014
PF00015586,0.004699
PF00013347,0.003134
PF00013350,0.006726
PF00013355,0.028197
PF00013975,0.007629
PF00013988,0.006508
PF00015613,0.003025
PF00015616,-0.003683
PF00014314,-0.001751
PF00014315,0.009215
PF00014316,0.006821
PF00014318,0.012108
PF00014357,0.006821
PF00014621,0.0129
PF00015164,0.012238
PF00015166,0.015646
PF00015190,0.015646
PF00015191,0.011998
PF00013723,0.009252
PF00013724,0.005897
PF00013732,-0.000257
PF00013734,0.006263
PF00013737,0.005897
PF00013738,0.005897
PF00013741,-0.000321
PF00013851,-0.001751
PF00013853,0.005897
PF00013855,0.005905
PF00013858,0.005905
PF00013976,0.006508
PF00013977,-0.001751
PF00013196,0.002811
PF00013197,0.002702
PF00013206,0.002811
PF00013692,0.009252
PF00013698,0.005897
PF00013699,0.005897
PF00013711,0.000253
PF00014508,-0.002497
PF00014510,-0.002395
PF00015060,0.007291
PF00015062,-0.003014
PF00015065,0.011092
PF00015200,0.015757
PF00015202,0.015549
PF00015206,0.011998
PF00015214,-0.004081
PF00015216,-0.003369
PF00015222,0.012554
PF00015252,0.012737
PF00015270,0.015162
PF00015279,0.015122
PF00013352,0.002517
PF00013785,0.005897
PF00013786,0.005897
PF00013789,-0.000376
PF00013911,0.005897
PF00013961,0.006362
PF00013966,-0.001751
PF00013967,-0.001751
PF00014481,0.006821
PF00014482,0.006821
PF00014483,0.010368
PF00014491,0.006675
PF00014492,0.006675
PF00012481,0.002221
PF00012489,0.002221
PF00012492,0.002702
PF00012494,0.002702
PF00012498,0.002045
PF00012499,0.001607
PF00012508,0.003864
PF00012517,0.001607
PF00012802,0.003864
PF00012803,0.001607
PF00012806,0.002811
PF00012808,0.002811
PF00012809,0.002221
PF00013847,0.006508
PF00015141,0.009257
PF00015142,0.009257
PF00015147,0.009257
PF00015148,0.009257
PF00015150,0.007291
PF00015411,0.016097
PF00015413,0.014703
PF00015439,0.015183
PF00015440,0.016187
PF00015441,-0.004111
PF00013803,-0.000376
PF00013804,0.005897
PF00013942,0.006508
PF00013943,0.006508
PF00014632,0.006821
PF00014635,0.006821
PF00014636,0.006821
PF00014642,0.006821
PF00014699,-0.002269
PF00014881,0.00796
PF00013826,0.006212
PF00013827,0.005897
PF00013828,0.005897
PF00013867,0.005897
PF00013869,0.008779
PF00013871,0.005897
PF00014135,0.006508
PF00014302,0.006675
PF00014319,0.006508
PF00014322,0.006821
PF00014324,0.006675
PF00014334,-0.001751
PF00014336,0.006821
PF00014406,0.006508
PF00014409,0.006821
PF00014413,0.008154
PF00014415,0.006821
PF00014822,0.006821
PF00014828,0.007208
PF00014829,0.006821
PF00014830,0.006821
PF00014866,0.013843
PF00014871,0.007604
PF00014874,-0.002842
PF00014393,0.006508
PF00014420,0.006508
PF00014992,-0.004081
PF00014997,0.009257
PF00015370,-0.00412
PF00015396,-0.003333
PF00015397,-0.003333
PF00015400,0.015183
PF00013878,-0.001751
PF00013880,0.005905
PF00014625,0.006821
PF00014630,-0.002497
PF00015502,0.015183
PF00014978,0.009613
PF00014990,0.009257
PF00015424,-0.003333
PF00015425,-0.00412
PF00015426,-0.002839
PF00015427,-0.004081
PF00015432,-0.003333
PF00015433,0.003654
PF00015434,-0.003333
PF00015435,0.022874
PF00015474,0.017013
PF00015429,-0.003551
PF00012845,0.002221
PF00012883,0.002702
PF00012886,0.002702
PF00013564,0.000253
PF00014802,-0.002426
PF00014803,-0.002426
PF00014804,0.006508
PF00015519,0.015159
PF00015520,0.015159
PF00015521,0.015199
PF00015525,-0.00339
PF00015575,0.003134
PF00015583,0.002517
PF00015362,0.012737
PF00015366,0.015087
PF00015367,0.015183
PF00014228,0.006331
PF00014229,-0.001751
PF00014261,0.006508
PF00014267,0.006821
PF00014270,0.007942
PF00014468,0.006821
PF00014759,-0.002325
PF00014765,-0.003386
PF00014766,-0.001953
PF00014767,0.007012
PF00015254,-0.004166
PF00015255,0.012737
PF00015339,-0.004166
PF00015347,0.012737
PF00015350,0.012737
PF00015352,0.012737
PF00013040,0.002702
PF00013047,0.001607
PF00013049,0.002811
PF00013052,0.002811
PF00013172,0.002221
PF00013176,0.001607
PF00013177,0.001607
PF00013179,0.001607
PF00015495,0.015183
PF00015496,0.015183
PF00015499,-0.00412
PF00012684,0.001607
PF00012701,0.001607
PF00012702,0.002811
PF00012704,0.002221
PF00012713,0.001607
PF00012756,0.002702
PF00012769,0.002221
PF00012770,0.002221
PF00012774,0.002811
PF00012804,0.002811
PF00012823,0.001607
PF00014062,0.005905
PF00014063,0.005905
PF00014066,0.008802
PF00014235,0.005905
PF00014671,0.006508
PF00014674,0.006821
PF00015224,0.011998
PF00015321,-0.003014
PF00015325,0.012737
PF00015326,0.015162
PF00015329,0.012737
PF00012486,0.001607
PF00012509,0.002221
PF00012511,0.002221
PF00012516,0.003864
PF00012745,0.002702
PF00012747,0.002702
PF00012748,0.002221
PF00012749,0.002811
PF00014268,-0.001751
PF00014274,0.006508
PF00013980,0.006508
PF00013982,0.006508
PF00014046,0.006508
PF00014287,0.006821
PF00014288,0.011136
PF00014300,-0.001751
PF00014563,0.006821
PF00014566,0.006508
PF00014578,0.006821
PF00012672,0.002811
PF00012824,0.002221
PF00012847,0.002221
PF00012867,0.001607
PF00012869,0.001607
PF00012888,0.002811
PF00012905,0.001607
PF00012906,0.002811
PF00012907,0.002221
PF00012915,0.002811
PF00012917,0.003134
PF00012920,0.001607
PF00012922,0.001607
PF00012926,0.002702
PF00014290,-0.001751
PF00014291,-0.001751
PF00014292,0.006675
PF00014737,0.006821
PF00014902,-0.000541
PF00014904,0.007604
PF00015332,0.012737
PF00015335,0.011998
PF00015343,-0.003014
PF00015344,0.012554
PF00015345,0.012737
PF00015405,0.015159
PF00015510,0.015183
PF00012638,0.002702
PF00012639,0.002702
PF00012643,0.002702
PF00012648,0.002221
PF00012650,0.002221
PF00012653,0.002221
PF00012657,0.002702
PF00012658,0.002811
PF00013194,0.006726
PF00013213,0.001607
PF00013215,0.001607
PF00013217,0.001607
PF00013229,0.001607
PF00013233,0.003735
PF00013239,0.006722
PF00013243,0.002221
PF00014128,-0.001751
PF00014260,0.006821
PF00014363,0.006821
PF00014365,0.006821
PF00014367,-0.002395
PF00014368,-0.002339
PF00014372,0.006508
PF00014379,0.012976
PF00014380,0.006821
PF00014381,0.006821
PF00014383,0.006821
PF00014385,-0.002339
PF00014387,0.006821
PF00014395,0.007942
PF00014397,0.006706
PF00014400,0.006508
PF00014401,-0.002497
PF00014581,-0.002395
PF00014582,-0.002497
PF00012645,0.002221
PF00012927,0.002702
PF00012987,0.001607
PF00012998,0.002811
PF00013006,0.002811
PF00013007,0.002221
PF00013008,0.002811
PF00013018,0.002811
PF00013023,0.028197
PF00013036,0.002811
PF00013190,0.002221
PF00013205,0.001607
PF00013208,0.001607
PF00013225,0.002702
PF00013226,0.002811
PF00014138,0.005897
PF00014139,0.005897
PF00014702,0.006821
PF00014705,0.014017
PF00014710,-0.002674
PF00014714,0.006821
PF00014719,0.006821
PF00015516,0.016614
PF00015529,-0.00412
PF00015534,0.015159
PF00012891,0.002811
PF00012899,0.002811
PF00012902,0.002811
PF00012912,0.002811
PF00012913,0.004916
PF00012935,0.002306
PF00012937,0.002811
PF00012938,0.004916
PF00012939,0.002811
PF00012949,0.001607
PF00013166,0.001607
PF00013248,0.002811
PF00013249,0.002221
PF00014050,0.008545
PF00014053,0.008545
PF00014159,0.006508
PF00014162,0.005897
PF00014163,0.005897
PF00014164,0.005897
PF00014258,0.006821
PF00014259,0.006675
PF00014893,-0.002776
PF00014951,0.014206
PF00014953,0.009257
PF00014955,0.009257
PF00014958,0.009257
PF00014963,-0.003014
PF00013262,0.002702
PF00013278,0.00382
PF00013280,0.001607
PF00013282,0.001607
PF00013284,0.001607
PF00013285,0.001607
PF00013296,0.001607
PF00013299,0.001607
PF00013300,0.003761
PF00013303,0.002221
PF00013304,0.002811
PF00013326,0.001607
PF00013345,0.001607
PF00013357,0.002517
PF00013358,0.003134
PF00013377,0.001607
PF00013378,0.001607
PF00014375,0.006821
PF00014376,0.006821
PF00014378,0.012962
PF00014427,-0.002238
PF00014434,0.012123
PF00014436,0.006821
PF00015016,-0.003573
PF00015021,0.009257
PF00015023,0.009257
PF00015024,0.009257
PF00015026,0.009257
PF00015033,0.009257
PF00013114,0.003745
PF00013122,0.002702
PF00013127,0.002702
PF00013143,0.002811
PF00013152,0.002811
PF00013168,0.002811
PF00013185,0.006726
PF00013192,0.002221
PF00013201,0.002811
PF00013202,0.00382
PF00013318,0.004052
PF00013319,0.003134
PF00013321,0.003025
PF00013329,0.003134
PF00013330,0.003134
PF00014096,-0.001751
PF00014097,0.008641
PF00014100,0.005897
PF00014103,-0.008907
PF00014105,-0.001751
PF00014108,0.005897
PF00014109,0.005897
PF00014656,0.006821
PF00014887,0.013499
PF00014888,0.007604
PF00014906,-0.009063
PF00014907,0.00796
PF00014908,0.00796
PF00014909,0.007604
PF00014910,0.007604
PF00014912,0.007291
PF00014918,-0.003354
PF00014975,0.009257
PF00013382,0.003134
PF00013383,0.006726
PF00013384,0.003134
PF00013389,0.002517
PF00013393,0.003134
PF00013435,0.001538
PF00013438,0.003134
PF00013443,0.003134
PF00013445,0.001538
PF00013467,0.002517
PF00013468,0.006527
PF00014327,0.006821
PF00014328,0.006675
PF00014329,0.006821
PF00014331,-0.001751
PF00014340,0.006821
PF00015526,0.016726
PF00012668,0.004248
PF00012669,0.002702
PF00013171,0.006722
PF00013178,0.006726
PF00013183,0.001607
PF00013184,0.001607
PF00013399,0.003134
PF00013400,0.003134
PF00013402,0.003134
PF00013404,0.002517
PF00013418,0.001538
PF00013419,0.001538
PF00013530,0.007291
PF00013533,0.007291
PF00013755,-0.000376
PF00013757,0.007
PF00013762,0.008431
PF00013765,0.008779
PF00014012,0.006508
PF00015288,0.011998
PF00015289,0.012737
PF00015472,-0.00339
PF00015477,0.015183
PF00015596,0.006294
PF00015597,0.012807
PF00015598,0.006481
PF00015602,-0.00339
PF00015603,-0.00339
PF00015605,0.003134
PF00015622,0.003134
PF00013570,-0.000901
PF00013596,0.005777
PF00013659,0.006071
PF00013663,0.000253
PF00013667,0.005897
PF00013668,0.005897
PF00013672,0.000253
PF00013680,0.000253
PF00013684,0.000253
PF00014025,0.006508
PF00014026,0.006508
PF00014027,0.006508
PF00014039,0.006895
PF00013730,-0.000321
PF00014513,0.006821
PF00014514,0.006675
PF00014516,-0.002395
PF00014523,0.006821
PF00014527,0.006821
PF00014528,0.012515
PF00014532,-0.002339
PF00015171,-0.003995
PF00015172,-0.00412
PF00015174,0.003654
PF00015175,0.012829
PF00015176,0.013819
PF00015180,-0.003548
PF00015181,-0.004044
PF00015182,-0.004044
PF00013536,0.005777
PF00013537,0.006718
PF00013538,0.000253
PF00013545,0.007291
PF00013546,0.005777
PF00013722,0.006508
PF00013728,0.005897
PF00013840,0.005897
PF00013890,0.005897
PF00013896,-0.001751
PF00014237,0.005897
PF00014240,0.005897
PF00014058,-0.001751
PF00014059,-0.001751
PF00014068,-0.001751
PF00014073,-0.001751
PF00014076,0.005897
PF00014082,0.005905
PF00012515,0.001607
PF00013499,0.007291
PF00013504,0.000253
PF00013505,0.005777
PF00013506,0.005726
PF00015044,0.015223
PF00015052,0.009257
PF00015057,-0.003369
PF00015067,0.011002
PF00014177,0.005897
PF00014151,0.006071
PF00014152,0.005897
PF00014153,0.005897
PF00014156,0.005897
PF00014157,0.005897
PF00014158,0.006285
PF00014181,0.006331
PF00014182,-0.001751
PF00014186,0.005905
PF00014188,0.005905
PF00014190,0.006263
PF00014221,-0.001751
PF00014222,0.005897
PF00014226,0.005897
PF00014247,0.009169
PF00012828,0.002811
PF00013809,0.006508
PF00013811,0.005897
PF00013928,0.006263
PF00013933,0.005905
PF00014502,0.006508
PF00014503,0.006821
PF00014533,-0.008861
PF00014536,0.006821
PF00014538,-0.002497
PF00014541,0.006821
PF00014543,0.006821
PF00014544,0.006821
PF00014649,-0.003072
PF00014653,0.006821
PF00014843,0.007604
PF00014846,0.00796
PF00014850,-0.003284
PF00014856,0.01239
PF00014859,-0.002298
PF00014863,-0.003038
PF00014864,0.007604
PF00014882,-0.001982
PF00014885,0.012528
PF00014886,0.013445
PF00014991,-0.000867
PF00014993,-0.003014
PF00015094,0.009613
PF00012546,0.002221
PF00012549,0.002221
PF00012550,0.001607
PF00012555,0.003205
PF00012556,0.002702
PF00012562,0.002221
PF00012573,0.002221
PF00012574,0.002221
PF00012580,0.002702
PF00012581,0.004139
PF00012584,0.002811
PF00012725,0.002221
PF00012738,0.001607
PF00012742,0.002702
PF00012743,0.002811
PF00014518,0.006508
PF00014521,-0.002497
PF00014593,0.006821
PF00014690,-0.002497
PF00014691,-0.002294
PF00014734,0.006508
PF00014740,-0.002761
PF00014741,-0.002269
PF00014780,0.006821
PF00014785,0.006508
PF00014790,0.006821
PF00014793,0.007012
PF00014794,-0.003386
PF00012495,0.002811
PF00012520,0.003864
PF00012521,0.002221
PF00013407,0.001538
PF00013408,0.001538
PF00013412,0.003134
PF00013417,0.003025
PF00013423,0.001538
PF00013430,0.003134
PF00014657,0.006508
PF00015155,0.011998
PF00015211,-0.003014
PF00015213,-0.003014
PF00015219,0.013819
PF00015533,0.015183
PF00015551,-0.00339
PF00015552,-0.00339
PF00015566,-0.004081
PF00013834,0.005905
PF00013837,0.005905
PF00014440,0.006821
PF00014442,0.012976
PF00014444,0.006821
PF00014446,0.012962
PF00014551,0.006821
PF00014552,0.006821
PF00014555,0.006675
PF00015635,0.002517
PF00014899,0.00796
PF00014927,0.007604
PF00014928,0.007604
PF00014929,0.007604
PF00014933,0.007604
PF00014934,-0.002776
PF00014935,-0.002776
PF00014940,0.007291
PF00014945,0.010095
PF00014968,0.009613
PF00014971,0.014206
PF00015084,0.009613
PF00015085,-0.001806
PF00015088,-0.004166
PF00012964,0.002811
PF00013860,0.006508
PF00012975,0.003245
PF00012976,0.003134
PF00013972,0.006508
PF00014416,0.008154
PF00015124,0.009257
PF00015125,0.009257
PF00015127,0.009613
PF00015128,0.009257
PF00015129,0.009257
PF00015137,0.009257
PF00015153,0.011002
PF00015154,0.009257
PF00015186,0.011998
PF00015225,-0.003014
PF00015232,-0.00412
PF00015236,0.011998
PF00015241,0.012737
PF00015244,0.012737
PF00013815,0.005905
PF00013816,0.006263
PF00013824,0.006508
PF00013929,-0.001751
PF00013931,0.005897
PF00013932,0.006508
PF00014659,0.006821
PF00014661,0.006706
PF00014662,0.006821
PF00014721,0.007012
PF00014668,-0.002395
PF00014669,-0.002395
PF00014723,-0.002426
PF00014725,-0.002426
PF00014727,-0.002371
PF00014841,0.008322
PF00014942,0.009257
PF00012760,0.002221
PF00012762,0.001607
PF00012764,0.001607
PF00012776,0.003755
PF00012783,0.028197
PF00012786,0.002811
PF00012787,0.002221
PF00012790,0.002811
PF00012794,0.001607
PF00012814,0.002702
PF00012815,0.002221
PF00013876,-0.001751
PF00013881,0.005905
PF00013882,0.005897
PF00015250,-0.004081
PF00015251,-0.00412
PF00015264,-0.003014
PF00015266,0.011998
PF00015541,-0.002897
PF00015556,0.015183
PF00015557,0.015183
PF00015562,0.015048
PF00015563,0.015183
PF00013264,0.006722
PF00013269,0.001607
PF00013274,0.002702
PF00013292,0.002702
PF00015120,0.007291
PF00015122,0.009257
PF00015123,-0.004166
PF00015132,0.009613
PF00015134,0.009613
PF00015298,-0.003014
PF00015443,0.015865
PF00015512,0.015159
PF00014607,0.006508
PF00014608,0.006821
PF00014613,0.012895
PF00014614,0.006821
PF00014682,0.006821
PF00014683,0.006821
PF00014685,0.006821
PF00014686,0.006821
PF00014688,0.006821
PF00015002,0.009613
PF00015004,0.009257
PF00015007,-0.003014
PF00015008,0.007291
PF00015010,0.009613
PF00015630,0.000688
PF00013823,0.005897
PF00014695,0.006821
PF00015001,-0.003014
PF00015005,-0.004166
PF00015012,-0.003014
PF00015013,0.007291
PF00015296,0.012737
PF00015299,0.012737
PF00015300,0.012737
PF00015312,-0.003014
PF00015314,0.012737
PF00015315,0.011917
PF00013997,0.006508
PF00014004,0.006508
PF00014453,0.006821
PF00015494,-0.00412
PF00015498,0.003654
PF00013077,0.002702
PF00013088,0.002811
PF00013090,0.002811
PF00013091,0.003761
PF00013100,0.002811
PF00013102,0.002702
PF00013106,0.002811
PF00013108,0.002811
PF00013109,0.00382
PF00013111,0.003761
PF00013115,0.006726
PF00013116,0.001607
PF00013117,0.001607
PF00013126,0.006722
PF00013140,0.006726
PF00015445,-0.003626
PF00015457,0.015183
PF00015458,0.015183
PF00015459,0.015183
PF00015462,0.015183
PF00015468,0.015087
PF00015471,0.015183
PF00015637,-0.000947
PF00013894,0.006508
PF00015295,0.003654
PF00015380,-0.003333
PF00015479,0.015159
PF00015540,0.015354
PF00013153,0.006722
PF00013157,0.002811
PF00013521,0.005777
PF00013524,0.005777
PF00015324,0.012737
PF00015327,0.012554
PF00013486,0.001538
PF00013491,0.005777
PF00013493,0.006854
PF00013494,0.005777
PF00013495,0.007727
PF00013500,0.00831
PF00013507,0.006684
PF00013508,0.000253
PF00013510,0.007291
PF00013513,0.000253
PF00013518,0.005777
PF00013608,0.000253
PF00013617,0.005897
PF00013618,0.005897
PF00015307,0.015208
PF00015308,0.015162
PF00015377,-0.003333
PF00015378,0.003654
PF00015379,0.003654
PF00015383,0.015087
PF00015385,0.015159
PF00015572,0.015183
PF00013315,0.003025
PF00013323,0.003219
PF00013324,0.001607
PF00013820,-0.000321
PF00013861,0.009119
PF00013864,0.005905
PF00015075,0.014882
PF00015077,0.015122
PF00015078,0.009257
PF00015079,0.009257
PF00015098,-0.00412
PF00015099,-0.00412
PF00015102,-0.003014
PF00015105,0.015117
PF00015106,0.009613
PF00015109,0.009257
PF00015112,0.007291
PF00015388,-0.001806
PF00015393,0.015183
PF00015394,-0.003439
PF00013642,0.000253
PF00013645,0.005897
PF00013647,0.005897
PF00013650,0.006508
PF00013655,0.008563
PF00013669,0.000253
PF00013679,0.008824
PF00013694,0.000253
PF00013702,5.1e-05
PF00013707,0.005897
PF00013768,-0.000321
PF00013771,-0.000376
PF00013773,0.006263
PF00014451,-0.002497
PF00014457,0.006821
PF00014459,0.006821
PF00014460,0.006821
PF00014461,0.006821
PF00014606,-0.002395
PF00015422,-0.003333
PF00015484,0.003654
PF00015485,-0.00339
PF00013044,0.002811
PF00013048,0.001607
PF00013055,0.001607
PF00013056,0.001607
PF00013748,0.006508
PF00013060,0.002811
PF00013065,0.004916
PF00013749,-0.000321
PF00013842,0.005897
PF00013845,0.005897
PF00014165,0.006331
PF00014167,0.005897
PF00014168,0.005897
PF00014169,0.005905
PF00014171,0.005905
PF00014173,0.008625
PF00014343,0.006821
PF00015446,-0.003333
PF00015447,-0.008997
PF00015452,-0.003333
PF00015454,0.015183
PF00012688,0.002702
PF00012689,0.002221
PF00012690,0.002811
PF00012695,0.002547
PF00012697,0.002702
PF00012698,0.002702
PF00012709,0.002221
PF00012710,0.002221
PF00012721,0.003864
PF00012727,0.002221
PF00013421,0.006722
PF00013448,0.002517
PF00013453,0.001538
PF00015361,0.012737
PF00013914,-0.001751
PF00013916,-0.001751
PF00013918,0.005897
PF00013920,0.005897
PF00013921,0.005897
PF00013923,0.005897
PF00013925,0.005897
PF00013926,0.006285
PF00014193,0.005897
PF00014194,0.005897
PF00014197,-0.001751
PF00014198,0.006508
PF00014199,-0.001751
PF00014209,0.005897
PF00014210,0.00631
PF00014212,0.005905
PF00014213,0.005897
PF00014214,0.007634
PF00014215,0.006263
PF00014346,0.006821
PF00014493,-0.003149
PF00014497,-0.002502
PF00012598,0.001607
PF00012619,0.001607
PF00012841,0.002221
PF00012857,0.006726
PF00012859,0.002811
PF00012861,0.002702
PF00012863,0.002811
PF00012864,0.002702
PF00013083,0.002811
PF00013084,0.002702
PF00013134,0.002702
PF00013373,0.003134
PF00013375,0.002517
PF00012540,0.003279
PF00012545,0.002811
PF00012566,0.002221
PF00012569,0.001607
PF00012605,0.001607
PF00012630,0.001607
PF00012632,0.004248
PF00012635,0.002221
PF00012636,0.002221
PF00013743,0.005897
PF00014352,0.006821
PF00014354,0.006821
PF00014403,0.006821
PF00014418,0.006821
PF00014422,-0.008932
PF00014473,0.007736
PF00014474,0.006821
PF00014475,0.00778
PF00014478,0.006821
PF00014479,0.006508
PF00014487,0.006821
PF00014488,0.007796
PF00014548,-0.002553
PF00014550,-0.002395
PF00014586,0.006821
PF00014588,0.006821
PF00014589,0.006821
PF00014590,0.006821
PF00013074,0.002702
PF00013370,0.001607
PF00013472,0.003134
PF00013475,0.001538
PF00013477,0.001538
PF00013479,0.001538
PF00013485,0.003025
PF00013526,0.000253
PF00013527,0.000253
PF00013632,0.006071
PF00013639,0.008778
PF00015489,0.015183
PF00015490,0.015183
PF00012750,0.002221
PF00012755,0.002702
PF00012929,0.002811
PF00012931,0.002811
PF00012943,0.002811
PF00012944,0.003908
PF00012945,0.002811
PF00012950,0.002811
PF00012968,0.002702
PF00012969,0.002221
PF00012982,0.002702
PF00012991,0.003134
PF00012992,0.002811
PF00012994,0.001607
PF00013001,0.003506
PF00013002,0.002811
PF00013251,0.001607
PF00013252,0.001607
PF00012528,0.002867
PF00012529,0.003283
PF00012532,0.002221
PF00012564,0.001607
PF00012578,0.001607
PF00012583,0.004248
PF00012592,0.002811
PF00012596,0.001607
PF00012600,0.002221
PF00012622,0.002811
PF00012623,0.002221
PF00012626,0.003283
PF00012627,0.002221
PF00013602,0.007291
PF00013603,0.000253
PF00013606,0.005777
PF00012603,0.001607
PF00012606,0.002811
PF00012678,0.002702
PF00012715,0.002702
PF00012718,0.001607
PF00012837,0.002811
PF00012838,0.002341
PF00012839,0.002811
PF00012840,0.002811
PF00012850,0.002811
PF00012856,0.001607
PF00012978,0.002811
PF00012986,0.001607
PF00012988,0.001607
PF00012989,0.001607
PF00013016,0.002448
PF00013026,0.002811
PF00013028,0.002811
PF00013029,0.002547
PF00013030,0.003908
PF00013620,0.006508
PF00013032,0.001607
PF00013625,0.005897
PF00013629,0.005897
PF00013651,0.006263
PF00013652,0.006453
PF00013777,-0.000376
PF00013253,-0.008369
PF00013259,0.002811
PF00013272,0.002221
PF00013289,0.002811
PF00013310,0.002811
PF00013311,0.002221
PF00013474,0.001538
PF00013807,0.005897
PF00013996,0.006362
PF00014000,-0.001751
PF00014008,0.006508
PF00014010,0.006331
PF00014013,0.006362
PF00014015,0.006508
PF00014018,0.006508
PF00013795,0.005897
PF00013829,0.006508
PF00013902,0.005897
PF00013903,0.005897
PF00013905,0.005905
PF00013936,0.008418
PF00013937,0.006508
PF00013938,0.006362
PF00013946,0.006508
PF00013948,0.009066
PF00013949,0.007483
PF00013971,0.006508
PF00014088,0.005897
PF00014089,0.005905
PF00014091,0.005897
PF00014430,0.006821
PF00014432,-0.002395
PF00014465,0.006821
PF00014643,0.007942
PF00014644,0.006508
PF00014645,-0.002497
PF00014717,-0.003386
PF00014757,-0.002975
PF00014750,0.006821
PF00014751,0.006821
PF00014752,0.006821
PF00014754,0.006821
PF00014756,-0.002617
PF00014769,0.006821
PF00014772,0.007033
PF00014774,-0.002426
PF00014777,-0.002617
PF00014826,-0.003386
PF00015291,0.011328
PF00013540,0.008224
PF00013541,0.000253
PF00013543,0.007727
PF00013544,0.005777
PF00013742,-0.000376
PF00014031,0.006362
PF00014093,-0.001751
PF00014118,0.005897
PF00014120,0.005905
PF00014123,0.006508
PF00014127,0.005897
PF00014147,0.005897
